index,timestamp,participant,target_type,target_id,target_name,render_index,description,presentation_number,target_presentations,description_review_status,description_flag_type,description_review_note
1,2026-08-31 20:09:01,Sandeep,individual_part,Row1_GearStand_Left.stl,STAND_ROW1_LEFT,1,Left white stand,1,1,ok,,
2,2026-08-31 20:09:17,Sandeep,individual_part,Row1_GearStand_Right.stl,STAND_ROW1_RIGHT,2,Right white stand,1,1,ok,,
3,2026-08-31 20:09:25,Sandeep,individual_part,Row2_GearStand_Left.stl,STAND_ROW2_LEFT,3,Left red stand,1,1,ok,,
4,2026-08-31 20:09:35,Sandeep,individual_part,Row2_GearStand_Right.stl,STAND_ROW2_RIGHT,4,Right red stand,1,1,ok,,
5,2026-08-31 20:09:51,Sandeep,individual_part,Row3_GearStand_Left.stl,STAND_ROW3_LEFT,5,Green left stand,1,1,ok,,
6,2026-08-31 20:10:01,Sandeep,individual_part,Row3_GearStand_Right.stl,STAND_ROW3_RIGHT,6,Green right stand,1,1,ok,,
7,2026-08-31 20:10:10,Sandeep,individual_part,Row4_GearStand_Left.stl,STAND_ROW4_LEFT,7,Blue left stand,1,1,ok,,
8,2026-08-31 20:10:21,Sandeep,individual_part,Row4_GearStand_Right.stl,STAND_ROW4_RIGHT,8,Blue right stand,1,1,ok,,
9,2026-08-31 20:10:48,Sandeep,individual_part,Row1_GearRod.stl,GEAR_ROD_ROW1,9,White gear shaft,1,1,ok,,
10,2026-08-31 20:10:59,Sandeep,individual_part,Row2_GearRod.stl,GEAR_ROD_ROW2,10,Red gear shaft,1,1,ok,,
11,2026-08-31 20:11:07,Sandeep,individual_part,Row3_GearRod.stl,GEAR_ROD_ROW3,11,Green gear shaft,1,1,ok,,
12,2026-08-31 20:11:18,Sandeep,individual_part,Row4_GearRod.stl,GEAR_ROD_ROW4,12,Blue gear shaft,1,1,ok,,
13,2026-08-31 20:11:31,Sandeep,individual_part,Row1_Gear_Left.stl,GEAR_ROW1_LEFT,13,Large white gear,1,1,ok,,
14,2026-08-31 20:11:40,Sandeep,individual_part,Row2_Gear_Left.stl,GEAR_ROW2_LEFT,14,Smaller red gear,1,1,ok,,
15,2026-08-31 20:11:47,Sandeep,individual_part,Row2_Gear_Right.stl,GEAR_ROW2_RIGHT,15,Larger red gear,1,1,ok,,
16,2026-08-31 20:11:58,Sandeep,individual_part,Row3_Gear_Left.stl,GEAR_ROW3_LEFT,16,Smaller green gear,1,1,ok,,
17,2026-08-31 20:12:06,Sandeep,individual_part,Row3_Gear_Right.stl,GEAR_ROW3_RIGHT,17,Larger green gear,1,1,ok,,
18,2026-08-31 20:12:14,Sandeep,individual_part,Row4_Gear_Left.stl,GEAR_ROW4_LEFT,18,Large blue gear,1,1,ok,,
19,2026-08-31 20:12:38,Sandeep,individual_part,Bearing.stl,BEARING,19,Black bearing,1,1,ok,,
20,2026-08-31 20:14:36,Sandeep,individual_part,Row1_Screws.stl,SCREW_ROW1,20,Silver screw for row 1,1,1,ok,,
21,2026-08-31 20:14:52,Sandeep,individual_part,Row2_Screws.stl,SCREW_ROW2,21,Black screw for row 2,1,1,ok,,
22,2026-08-31 20:15:09,Sandeep,individual_part,Row3_Screws.stl,SCREW_ROW3,22,Black screw for row 3,1,1,ok,,
23,2026-08-31 20:15:27,Sandeep,individual_part,Row4_Screws.stl,SCREW_ROW4,23,Silver screw for row 4,1,1,ok,,
24,2026-08-31 20:15:43,Sandeep,individual_part,Handle.stl,CRANK_HANDLE_ROW1,24,White crank,1,1,ok,,
25,2026-08-31 20:15:56,Sandeep,individual_part,BaseBoard.stl,BASE_BOARD,25,Baseboard,1,1,ok,,
26,2026-08-31 20:16:22,Sandeep,individual_part,WoodenPin.stl,PIN,26,Wooden peg,1,1,ok,,
27,2026-09-01 12:47:05,Mahya,individual_part,Row1_GearStand_Left.stl,STAND_ROW1_LEFT,1,left circle shaft holder,1,1,ok,,
28,2026-09-01 12:47:18,Mahya,individual_part,Row1_GearStand_Right.stl,STAND_ROW1_RIGHT,2,right circle shaft holder,1,1,ok,,
29,2026-09-01 12:47:39,Mahya,individual_part,Row2_GearStand_Left.stl,STAND_ROW2_LEFT,3,left triangle shaft holder,1,1,ok,,
30,2026-09-01 12:47:49,Mahya,individual_part,Row2_GearStand_Right.stl,STAND_ROW2_RIGHT,4,right triangle shaft holder,1,1,ok,,
31,2026-09-01 12:48:06,Mahya,individual_part,Row3_GearStand_Left.stl,STAND_ROW3_LEFT,5,left hexagon shaft holder,1,1,ok,,
32,2026-09-01 12:48:13,Mahya,individual_part,Row3_GearStand_Right.stl,STAND_ROW3_RIGHT,6,right hexagon shaft holder,1,1,ok,,
33,2026-09-01 12:48:25,Mahya,individual_part,Row4_GearStand_Left.stl,STAND_ROW4_LEFT,7,left square shaft holder,1,1,ok,,
34,2026-09-01 12:48:31,Mahya,individual_part,Row4_GearStand_Right.stl,STAND_ROW4_RIGHT,8,right square shaft holder,1,1,ok,,
35,2026-09-01 12:49:01,Mahya,individual_part,Row1_GearRod.stl,GEAR_ROD_ROW1,9,row one shaft,1,1,ok,,
36,2026-09-01 12:49:12,Mahya,individual_part,Row2_GearRod.stl,GEAR_ROD_ROW2,10,row two shaft,1,1,ok,,
37,2026-09-01 12:49:18,Mahya,individual_part,Row3_GearRod.stl,GEAR_ROD_ROW3,11,row three shaft,1,1,ok,,
38,2026-09-01 12:49:24,Mahya,individual_part,Row4_GearRod.stl,GEAR_ROD_ROW4,12,row four shaft,1,1,ok,,
39,2026-09-01 12:49:40,Mahya,individual_part,Row1_Gear_Left.stl,GEAR_ROW1_LEFT,13,gear row one,1,1,ok,,
40,2026-09-01 12:49:55,Mahya,individual_part,Row2_Gear_Left.stl,GEAR_ROW2_LEFT,14,small gear row 2,1,1,ok,,
41,2026-09-01 12:50:01,Mahya,individual_part,Row2_Gear_Right.stl,GEAR_ROW2_RIGHT,15,large gear row 2,1,1,ok,,
42,2026-09-01 12:50:08,Mahya,individual_part,Row3_Gear_Left.stl,GEAR_ROW3_LEFT,16,small gear row 3,1,1,ok,,
43,2026-09-01 12:50:30,Mahya,individual_part,Row3_Gear_Right.stl,GEAR_ROW3_RIGHT,17,large gear row 3,1,1,ok,,
44,2026-09-01 12:50:39,Mahya,individual_part,Row4_Gear_Left.stl,GEAR_ROW4_LEFT,18,gear row 4,1,1,ok,,
45,2026-09-01 12:50:52,Mahya,individual_part,Bearing.stl,BEARING,19,bearing,1,1,ok,,
46,2026-09-01 12:51:37,Mahya,individual_part,Row1_Screws.stl,SCREW_ROW1,20,silver screw row one,1,1,ok,,
47,2026-09-01 12:51:52,Mahya,individual_part,Row2_Screws.stl,SCREW_ROW2,21,black screw row two,1,1,ok,,
48,2026-09-01 12:52:08,Mahya,individual_part,Row3_Screws.stl,SCREW_ROW3,22,black screw row three,1,1,ok,,
49,2026-09-01 12:52:17,Mahya,individual_part,Row4_Screws.stl,SCREW_ROW4,23,silver screw row four,1,1,ok,,
50,2026-09-01 12:52:31,Mahya,individual_part,Handle.stl,CRANK_HANDLE_ROW1,24,crank handle,1,1,ok,,
51,2026-09-01 12:52:39,Mahya,individual_part,BaseBoard.stl,BASE_BOARD,25,base plate,1,1,ok,,
52,2026-09-01 12:52:55,Mahya,individual_part,WoodenPin.stl,PIN,26,wooden pin,1,1,ok,,
53,2026-09-02 10:13:40,Parisa,individual_part,Row1_GearStand_Left.stl,STAND_ROW1_LEFT,1,Left gear stand in row 1,1,1,ok,,
54,2026-09-02 10:13:59,Parisa,individual_part,Row1_GearStand_Right.stl,STAND_ROW1_RIGHT,2,Right gear stand in row 1,1,1,ok,,
55,2026-09-02 10:17:40,Parisa,individual_part,Row2_GearStand_Left.stl,STAND_ROW2_LEFT,3,red gear stand at the left,1,1,ok,,
56,2026-09-02 10:18:18,Parisa,individual_part,Row2_GearStand_Right.stl,STAND_ROW2_RIGHT,4,right red bracket aat second row,1,1,ok,,
57,2026-09-02 10:19:00,Parisa,individual_part,Row3_GearStand_Left.stl,STAND_ROW3_LEFT,5,row 3 gear stand next to the left gear,1,1,ok,,
58,2026-09-02 10:19:49,Parisa,individual_part,Row3_GearStand_Right.stl,STAND_ROW3_RIGHT,6,right gear stand at third row,1,1,ok,,
59,2026-09-02 10:21:35,Parisa,individual_part,Row4_GearStand_Left.stl,STAND_ROW4_LEFT,7,gear stand at bottom left corner,1,1,ok,,
60,2026-09-02 10:22:18,Parisa,individual_part,Row4_GearStand_Right.stl,STAND_ROW4_RIGHT,8,fourth row right side blue bracket,1,1,ok,,
61,2026-09-02 10:22:36,Parisa,individual_part,Row1_GearRod.stl,GEAR_ROD_ROW1,9,shaft of the row 1,1,1,ok,,
62,2026-09-02 10:22:56,Parisa,individual_part,Row2_GearRod.stl,GEAR_ROD_ROW2,10,second row shaft,1,1,ok,,
63,2026-09-02 10:23:03,Parisa,individual_part,Row3_GearRod.stl,GEAR_ROD_ROW3,11,green shaft,1,1,ok,,
64,2026-09-02 10:23:12,Parisa,individual_part,Row4_GearRod.stl,GEAR_ROD_ROW4,12,blue shaft,1,1,ok,,
65,2026-09-02 10:23:37,Parisa,individual_part,Row1_Gear_Left.stl,GEAR_ROW1_LEFT,13,white gear,1,1,ok,,
66,2026-09-02 10:23:58,Parisa,individual_part,Row2_Gear_Left.stl,GEAR_ROW2_LEFT,14,left red gear,1,1,ok,,
67,2026-09-02 10:24:17,Parisa,individual_part,Row2_Gear_Right.stl,GEAR_ROW2_RIGHT,15,right red gear,1,1,ok,,
68,2026-09-02 10:24:33,Parisa,individual_part,Row3_Gear_Left.stl,GEAR_ROW3_LEFT,16,small gear in row 3,1,1,ok,,
69,2026-09-02 10:24:49,Parisa,individual_part,Row3_Gear_Right.stl,GEAR_ROW3_RIGHT,17,big gear in row 3,1,1,ok,,
70,2026-09-02 10:25:10,Parisa,individual_part,Row4_Gear_Left.stl,GEAR_ROW4_LEFT,18,row 4 gear,1,1,ok,,
71,2026-09-02 10:26:11,Parisa,individual_part,Bearing.stl,BEARING,19,left side stand bearing in row 3,1,1,ok,,
72,2026-09-02 10:27:10,Parisa,individual_part,Row1_Screws.stl,SCREW_ROW1,20,first row screw for the left stand,1,1,ok,,
73,2026-09-02 10:27:41,Parisa,individual_part,Row2_Screws.stl,SCREW_ROW2,21,left stand screw in row 2,1,1,ok,,
74,2026-09-02 10:29:23,Parisa,individual_part,Row3_Screws.stl,SCREW_ROW3,22,right stand metal screw in the green row,1,1,ok,,
75,2026-09-02 10:30:10,Parisa,individual_part,Row4_Screws.stl,SCREW_ROW4,23,screw of the bottom right stand,1,1,ok,,
76,2026-09-02 10:30:31,Parisa,individual_part,Handle.stl,CRANK_HANDLE_ROW1,24,crank handle,1,1,ok,,
77,2026-09-02 10:30:43,Parisa,individual_part,BaseBoard.stl,BASE_BOARD,25,base board,1,1,ok,,
78,2026-09-02 10:31:02,Parisa,individual_part,WoodenPin.stl,PIN,26,wood pin,1,1,ok,,
79,2026-09-02 18:17:24,Pantea,individual_part,Row1_GearStand_Left.stl,STAND_ROW1_LEFT,1,white stand on left side,1,1,ok,,
80,2026-09-02 18:17:38,Pantea,individual_part,Row1_GearStand_Right.stl,STAND_ROW1_RIGHT,2,white stand on right side,1,1,ok,,
81,2026-09-02 18:17:55,Pantea,individual_part,Row2_GearStand_Left.stl,STAND_ROW2_LEFT,3,red stand on left side,1,1,ok,,
82,2026-09-02 18:18:07,Pantea,individual_part,Row2_GearStand_Right.stl,STAND_ROW2_RIGHT,4,red stand on right side,1,1,ok,,
83,2026-09-02 18:18:24,Pantea,individual_part,Row3_GearStand_Left.stl,STAND_ROW3_LEFT,5,green stand on left  side,1,1,ok,,
84,2026-09-02 18:18:41,Pantea,individual_part,Row3_GearStand_Right.stl,STAND_ROW3_RIGHT,6,green stand on right side,1,1,ok,,
85,2026-09-02 18:18:49,Pantea,individual_part,Row4_GearStand_Left.stl,STAND_ROW4_LEFT,7,blue stand on left side,1,1,ok,,
86,2026-09-02 18:18:57,Pantea,individual_part,Row4_GearStand_Right.stl,STAND_ROW4_RIGHT,8,blue stand on right side,1,1,ok,,
87,2026-09-02 18:19:05,Pantea,individual_part,Row1_GearRod.stl,GEAR_ROD_ROW1,9,white rod,1,1,ok,,
88,2026-09-02 18:19:13,Pantea,individual_part,Row2_GearRod.stl,GEAR_ROD_ROW2,10,red rod,1,1,ok,,
89,2026-09-02 18:19:17,Pantea,individual_part,Row3_GearRod.stl,GEAR_ROD_ROW3,11,green rod,1,1,ok,,
90,2026-09-02 18:19:23,Pantea,individual_part,Row4_GearRod.stl,GEAR_ROD_ROW4,12,blue rod,1,1,ok,,
91,2026-09-02 18:19:30,Pantea,individual_part,Row1_Gear_Left.stl,GEAR_ROW1_LEFT,13,white gear,1,1,ok,,
92,2026-09-02 18:19:42,Pantea,individual_part,Row2_Gear_Left.stl,GEAR_ROW2_LEFT,14,smaller red gear,1,1,ok,,
93,2026-09-02 18:19:57,Pantea,individual_part,Row2_Gear_Right.stl,GEAR_ROW2_RIGHT,15,larger red grear,1,1,ok,,
94,2026-09-02 18:20:07,Pantea,individual_part,Row3_Gear_Left.stl,GEAR_ROW3_LEFT,16,smaller green gear,1,1,ok,,
95,2026-09-02 18:20:15,Pantea,individual_part,Row3_Gear_Right.stl,GEAR_ROW3_RIGHT,17,larger green gear,1,1,ok,,
96,2026-09-02 18:20:22,Pantea,individual_part,Row4_Gear_Left.stl,GEAR_ROW4_LEFT,18,blue gear,1,1,ok,,
97,2026-09-02 18:20:49,Pantea,individual_part,Bearing.stl,BEARING,19,white ring,1,1,wrong,material_color,"Bearing is rendered black, but the description says white."
98,2026-09-02 18:21:09,Pantea,individual_part,Row1_Screws.stl,SCREW_ROW1,20,white screw,1,1,questionable,material_color,Row 1 screw is rendered silver; white may be a perceptual synonym under bright lighting.
99,2026-09-02 18:21:34,Pantea,individual_part,Row2_Screws.stl,SCREW_ROW2,21,smalle black screw,1,1,ok,,
100,2026-09-02 18:21:50,Pantea,individual_part,Row3_Screws.stl,SCREW_ROW3,22,bigger black screw,1,1,ok,,
101,2026-09-02 18:22:04,Pantea,individual_part,Row4_Screws.stl,SCREW_ROW4,23,smaller white screw,1,1,questionable,material_color,Row 4 screw is rendered silver; white may be a perceptual synonym under bright lighting.
102,2026-09-02 18:22:17,Pantea,individual_part,Handle.stl,CRANK_HANDLE_ROW1,24,white handle on right side,1,1,ok,,
103,2026-09-02 18:22:23,Pantea,individual_part,BaseBoard.stl,BASE_BOARD,25,board,1,1,ok,,
104,2026-09-02 18:22:59,Pantea,individual_part,WoodenPin.stl,PIN,26,red peg on right side on green row,1,1,questionable,material_color,"Pin is rendered brown, but the description says red; reddish-brown may explain the response."
105,2026-09-02 20:45:55,Austin,individual_part,Row1_GearStand_Left.stl,STAND_ROW1_LEFT,1,Left white gear stand,1,1,ok,,
106,2026-09-02 20:46:07,Austin,individual_part,Row1_GearStand_Right.stl,STAND_ROW1_RIGHT,2,Right white gear stand,1,1,ok,,
107,2026-09-02 20:46:40,Austin,individual_part,Row2_GearStand_Left.stl,STAND_ROW2_LEFT,3,Red left gear stand,1,1,ok,,
108,2026-09-02 20:46:47,Austin,individual_part,Row2_GearStand_Right.stl,STAND_ROW2_RIGHT,4,Red right gear stand,1,1,ok,,
109,2026-09-02 20:46:59,Austin,individual_part,Row3_GearStand_Left.stl,STAND_ROW3_LEFT,5,Green left gear stand,1,1,ok,,
110,2026-09-02 20:47:06,Austin,individual_part,Row3_GearStand_Right.stl,STAND_ROW3_RIGHT,6,Green right gear stand,1,1,ok,,
111,2026-09-02 20:47:13,Austin,individual_part,Row4_GearStand_Left.stl,STAND_ROW4_LEFT,7,Blue left gear stand,1,1,ok,,
112,2026-09-02 20:47:21,Austin,individual_part,Row4_GearStand_Right.stl,STAND_ROW4_RIGHT,8,Blue right gear stand,1,1,ok,,
113,2026-09-02 20:47:31,Austin,individual_part,Row1_GearRod.stl,GEAR_ROD_ROW1,9,White shaft,1,1,ok,,
114,2026-09-02 20:47:35,Austin,individual_part,Row2_GearRod.stl,GEAR_ROD_ROW2,10,Red shaft,1,1,ok,,
115,2026-09-02 20:47:39,Austin,individual_part,Row3_GearRod.stl,GEAR_ROD_ROW3,11,Green shaft,1,1,ok,,
116,2026-09-02 20:47:43,Austin,individual_part,Row4_GearRod.stl,GEAR_ROD_ROW4,12,Blue shaft,1,1,ok,,
117,2026-09-02 20:47:50,Austin,individual_part,Row1_Gear_Left.stl,GEAR_ROW1_LEFT,13,White gear,1,1,ok,,
118,2026-09-02 20:48:00,Austin,individual_part,Row2_Gear_Left.stl,GEAR_ROW2_LEFT,14,Red small gear,1,1,ok,,
119,2026-09-02 20:48:03,Austin,individual_part,Row2_Gear_Right.stl,GEAR_ROW2_RIGHT,15,Red large gear,1,1,ok,,
120,2026-09-02 20:48:08,Austin,individual_part,Row3_Gear_Left.stl,GEAR_ROW3_LEFT,16,Green small gear,1,1,ok,,
121,2026-09-02 20:48:17,Austin,individual_part,Row3_Gear_Right.stl,GEAR_ROW3_RIGHT,17,Green large gear,1,1,ok,,
122,2026-09-02 20:48:20,Austin,individual_part,Row4_Gear_Left.stl,GEAR_ROW4_LEFT,18,Blue gear,1,1,ok,,
123,2026-09-02 20:48:39,Austin,individual_part,Bearing.stl,BEARING,19,Bearing,1,1,ok,,
124,2026-09-02 20:48:59,Austin,individual_part,Row1_Screws.stl,SCREW_ROW1,20,White hex bolt,1,1,questionable,material_color,Row 1 screw is rendered silver; white may be a perceptual synonym under bright lighting.
125,2026-09-02 20:49:17,Austin,individual_part,Row2_Screws.stl,SCREW_ROW2,21,Red hex bolt,1,1,questionable,material_color,"Row 2 screw is rendered black, but the description says red. The color may instead refer to the associated colored assembly row, so this is not treated as definitely wrong."
126,2026-09-02 20:49:45,Austin,individual_part,Row3_Screws.stl,SCREW_ROW3,22,Green star bolt,1,1,questionable,material_color,"Row 3 screw is rendered black, but the description says green. The color may instead refer to the associated colored assembly row, so this is not treated as definitely wrong."
127,2026-09-02 20:51:42,Austin,individual_part,Row4_Screws.stl,SCREW_ROW4,23,Blue philips bolt,1,1,questionable,material_color,"Row 4 screw is rendered silver, but the description says blue. The color may instead refer to the associated colored assembly row, so this is not treated as definitely wrong."
128,2026-09-02 20:51:55,Austin,individual_part,Handle.stl,CRANK_HANDLE_ROW1,24,White crank handle,1,1,ok,,
129,2026-09-02 20:52:01,Austin,individual_part,BaseBoard.stl,BASE_BOARD,25,Base plate,1,1,ok,,
130,2026-09-02 20:52:12,Austin,individual_part,WoodenPin.stl,PIN,26,Wooden pin,1,1,ok,,
131,2026-09-03 18:09:49,JungHoon,individual_part,Row1_GearStand_Left.stl,STAND_ROW1_LEFT,1,A left white gear stand,1,1,ok,,
132,2026-09-03 18:10:16,JungHoon,individual_part,Row1_GearStand_Right.stl,STAND_ROW1_RIGHT,2,white right gear stand,1,1,ok,,
133,2026-09-03 18:10:29,JungHoon,individual_part,Row2_GearStand_Left.stl,STAND_ROW2_LEFT,3,red right gear stand,1,1,wrong,side,"Target is STAND_ROW2_LEFT, but the description says right."
134,2026-09-03 18:10:48,JungHoon,individual_part,Row2_GearStand_Right.stl,STAND_ROW2_RIGHT,4,Right red gear stand,1,1,ok,,
135,2026-09-03 18:11:03,JungHoon,individual_part,Row3_GearStand_Left.stl,STAND_ROW3_LEFT,5,Green right gear stand,1,1,wrong,side,"Target is STAND_ROW3_LEFT, but the description says right."
136,2026-09-03 18:11:39,JungHoon,individual_part,Row3_GearStand_Right.stl,STAND_ROW3_RIGHT,6,Right green gear stand,1,1,ok,,
137,2026-09-03 18:11:50,JungHoon,individual_part,Row4_GearStand_Left.stl,STAND_ROW4_LEFT,7,Left Blue Gear Stand,1,1,ok,,
138,2026-09-03 18:12:01,JungHoon,individual_part,Row4_GearStand_Right.stl,STAND_ROW4_RIGHT,8,Right Blue Gear Stand,1,1,ok,,
139,2026-09-03 18:12:19,JungHoon,individual_part,Row1_GearRod.stl,GEAR_ROD_ROW1,9,white sheft,1,1,ok,,
140,2026-09-03 18:12:23,JungHoon,individual_part,Row2_GearRod.stl,GEAR_ROD_ROW2,10,red sheft,1,1,ok,,
141,2026-09-03 18:12:28,JungHoon,individual_part,Row3_GearRod.stl,GEAR_ROD_ROW3,11,green sheft,1,1,ok,,
142,2026-09-03 18:12:32,JungHoon,individual_part,Row4_GearRod.stl,GEAR_ROD_ROW4,12,blue sheft,1,1,ok,,
143,2026-09-03 18:12:51,JungHoon,individual_part,Row1_Gear_Left.stl,GEAR_ROW1_LEFT,13,white gear,1,1,ok,,
144,2026-09-03 18:13:06,JungHoon,individual_part,Row2_Gear_Left.stl,GEAR_ROW2_LEFT,14,smaller red gear on left,1,1,ok,,
145,2026-09-03 18:13:16,JungHoon,individual_part,Row2_Gear_Right.stl,GEAR_ROW2_RIGHT,15,Larger red gear,1,1,ok,,
146,2026-09-03 18:13:24,JungHoon,individual_part,Row3_Gear_Left.stl,GEAR_ROW3_LEFT,16,green left gear,1,1,ok,,
147,2026-09-03 18:13:31,JungHoon,individual_part,Row3_Gear_Right.stl,GEAR_ROW3_RIGHT,17,green right gear,1,1,ok,,
148,2026-09-03 18:13:34,JungHoon,individual_part,Row4_Gear_Left.stl,GEAR_ROW4_LEFT,18,blue gear,1,1,ok,,
149,2026-09-03 18:13:46,JungHoon,individual_part,Bearing.stl,BEARING,19,white bearing,1,1,wrong,material_color,"Bearing is rendered black, but the description says white."
150,2026-09-03 18:13:57,JungHoon,individual_part,Row1_Screws.stl,SCREW_ROW1,20,white pin,1,1,wrong,object_category,"Target is a Row 1 screw, but the description identifies it as a pin."
151,2026-09-03 18:14:24,JungHoon,individual_part,Row2_Screws.stl,SCREW_ROW2,21,Screw for row2,1,1,ok,,
152,2026-09-03 18:14:47,JungHoon,individual_part,Row3_Screws.stl,SCREW_ROW3,22,screw for right row3,1,1,ok,,
153,2026-09-03 18:15:24,JungHoon,individual_part,Row4_Screws.stl,SCREW_ROW4,23,screw for blue row right,1,1,ok,,
154,2026-09-03 18:15:38,JungHoon,individual_part,Handle.stl,CRANK_HANDLE_ROW1,24,white handle,1,1,ok,,
155,2026-09-03 18:15:45,JungHoon,individual_part,BaseBoard.stl,BASE_BOARD,25,baseboard,1,1,ok,,
156,2026-09-03 18:15:52,JungHoon,individual_part,WoodenPin.stl,PIN,26,pin,1,1,ok,,
157,2026-09-03 20:19:35,Junhyun,individual_part,Row1_GearStand_Left.stl,STAND_ROW1_LEFT,1,a white gearstand on the left side,1,1,ok,,
158,2026-09-03 20:22:09,Junhyun,individual_part,Row1_GearStand_Right.stl,STAND_ROW1_RIGHT,2,white gear stand on the left,1,1,wrong,side,"Target is STAND_ROW1_RIGHT, but the description says left."
159,2026-09-03 20:22:35,Junhyun,individual_part,Row2_GearStand_Left.stl,STAND_ROW2_LEFT,3,red triangle gear stand on the left,1,1,ok,,
160,2026-09-03 20:22:55,Junhyun,individual_part,Row2_GearStand_Right.stl,STAND_ROW2_RIGHT,4,red triangle gear stand on the right side,1,1,ok,,
161,2026-09-03 20:23:33,Junhyun,individual_part,Row3_GearStand_Left.stl,STAND_ROW3_LEFT,5,green gear stand of the row 3 on the left side,1,1,ok,,
162,2026-09-03 20:23:48,Junhyun,individual_part,Row3_GearStand_Right.stl,STAND_ROW3_RIGHT,6,green gear stand of row 3 on the right side,1,1,ok,,
163,2026-09-03 20:24:04,Junhyun,individual_part,Row4_GearStand_Left.stl,STAND_ROW4_LEFT,7,square blue gear stand on the left side,1,1,ok,,
164,2026-09-03 20:24:15,Junhyun,individual_part,Row4_GearStand_Right.stl,STAND_ROW4_RIGHT,8,square blue gear stand on the right side,1,1,ok,,
165,2026-09-03 20:24:35,Junhyun,individual_part,Row1_GearRod.stl,GEAR_ROD_ROW1,9,white gear rod on the row 1,1,1,ok,,
166,2026-09-03 20:24:47,Junhyun,individual_part,Row2_GearRod.stl,GEAR_ROD_ROW2,10,red gear rod on the row 2,1,1,ok,,
167,2026-09-03 20:25:27,Junhyun,individual_part,Row3_GearRod.stl,GEAR_ROD_ROW3,11,green gear rod,1,1,ok,,
168,2026-09-03 20:25:32,Junhyun,individual_part,Row4_GearRod.stl,GEAR_ROD_ROW4,12,blue gear rod,1,1,ok,,
169,2026-09-03 20:26:00,Junhyun,individual_part,Row1_Gear_Left.stl,GEAR_ROW1_LEFT,13,white gear on the row 1,1,1,ok,,
170,2026-09-03 20:26:26,Junhyun,individual_part,Row2_Gear_Left.stl,GEAR_ROW2_LEFT,14,red triangle gear on row 2,1,1,ok,,
171,2026-09-03 20:26:51,Junhyun,individual_part,Row2_Gear_Right.stl,GEAR_ROW2_RIGHT,15,red gear on the right side,1,1,ok,,
172,2026-09-03 20:27:07,Junhyun,individual_part,Row3_Gear_Left.stl,GEAR_ROW3_LEFT,16,green gear on the left side,1,1,ok,,
173,2026-09-03 20:27:22,Junhyun,individual_part,Row3_Gear_Right.stl,GEAR_ROW3_RIGHT,17,green gear on the right side,1,1,ok,,
174,2026-09-03 20:27:32,Junhyun,individual_part,Row4_Gear_Left.stl,GEAR_ROW4_LEFT,18,blue gear on the left side,1,1,ok,,
175,2026-09-03 20:28:01,Junhyun,individual_part,Bearing.stl,BEARING,19,bearing from left side of row 3,1,1,ok,,
176,2026-09-03 20:28:41,Junhyun,individual_part,Row1_Screws.stl,SCREW_ROW1,20,screw from left side of row 1,1,1,ok,,
177,2026-09-03 20:29:43,Junhyun,individual_part,Row2_Screws.stl,SCREW_ROW2,21,screw from left side of row 2,1,1,ok,,
178,2026-09-03 20:30:00,Junhyun,individual_part,Row3_Screws.stl,SCREW_ROW3,22,screw from right side of row 3,1,1,ok,,
179,2026-09-03 20:30:19,Junhyun,individual_part,Row4_Screws.stl,SCREW_ROW4,23,screw from right side of row 4,1,1,ok,,
180,2026-09-03 20:30:37,Junhyun,individual_part,Handle.stl,CRANK_HANDLE_ROW1,24,gear handle from row 1,1,1,ok,,
181,2026-09-03 20:30:46,Junhyun,individual_part,BaseBoard.stl,BASE_BOARD,25,base board,1,1,ok,,
182,2026-09-03 20:31:11,Junhyun,individual_part,WoodenPin.stl,PIN,26,wooden pin from right side of row 3,1,1,ok,,
183,2026-09-04 10:10:16,Mann,individual_part,Row1_GearStand_Left.stl,STAND_ROW1_LEFT,1,white gearstand on the left,1,1,ok,,
184,2026-09-04 10:10:34,Mann,individual_part,Row1_GearStand_Right.stl,STAND_ROW1_RIGHT,2,white gearstand on the right,1,1,ok,,
185,2026-09-04 10:10:46,Mann,individual_part,Row2_GearStand_Left.stl,STAND_ROW2_LEFT,3,red gearstand on the left,1,1,ok,,
186,2026-09-04 10:11:05,Mann,individual_part,Row2_GearStand_Right.stl,STAND_ROW2_RIGHT,4,red gearstand on the right,1,1,ok,,
187,2026-09-04 10:11:32,Mann,individual_part,Row3_GearStand_Left.stl,STAND_ROW3_LEFT,5,green gearstand on the left,1,1,ok,,
188,2026-09-04 10:11:44,Mann,individual_part,Row3_GearStand_Right.stl,STAND_ROW3_RIGHT,6,green gearstand on the right,1,1,ok,,
189,2026-09-04 10:12:04,Mann,individual_part,Row4_GearStand_Left.stl,STAND_ROW4_LEFT,7,blue gearstand on the left,1,1,ok,,
190,2026-09-04 10:12:14,Mann,individual_part,Row4_GearStand_Right.stl,STAND_ROW4_RIGHT,8,blue gearstand on the right,1,1,ok,,
191,2026-09-04 10:12:27,Mann,individual_part,Row1_GearRod.stl,GEAR_ROD_ROW1,9,white shaft,1,1,ok,,
192,2026-09-04 10:12:33,Mann,individual_part,Row2_GearRod.stl,GEAR_ROD_ROW2,10,red shaft,1,1,ok,,
193,2026-09-04 10:12:39,Mann,individual_part,Row3_GearRod.stl,GEAR_ROD_ROW3,11,green shaft,1,1,ok,,
194,2026-09-04 10:12:45,Mann,individual_part,Row4_GearRod.stl,GEAR_ROD_ROW4,12,blue shaft,1,1,ok,,
195,2026-09-04 10:13:21,Mann,individual_part,Row1_Gear_Left.stl,GEAR_ROW1_LEFT,13,white gear,1,1,ok,,
196,2026-09-04 10:13:47,Mann,individual_part,Row2_Gear_Left.stl,GEAR_ROW2_LEFT,14,left red gear,1,1,ok,,
197,2026-09-04 10:13:52,Mann,individual_part,Row2_Gear_Right.stl,GEAR_ROW2_RIGHT,15,right red gear,1,1,ok,,
198,2026-09-04 10:14:00,Mann,individual_part,Row3_Gear_Left.stl,GEAR_ROW3_LEFT,16,left green gear,1,1,ok,,
199,2026-09-04 10:14:06,Mann,individual_part,Row3_Gear_Right.stl,GEAR_ROW3_RIGHT,17,right green gear,1,1,ok,,
200,2026-09-04 10:14:19,Mann,individual_part,Row4_Gear_Left.stl,GEAR_ROW4_LEFT,18,left blue gear,1,1,ok,,
201,2026-09-04 10:14:52,Mann,individual_part,Bearing.stl,BEARING,19,left green bearing,1,1,questionable,material_color,"Bearing is rendered black, but the description says green. The color may instead refer to the associated colored assembly row, so this is not treated as definitely wrong."
202,2026-09-04 10:15:28,Mann,individual_part,Row1_Screws.stl,SCREW_ROW1,20,left white screw for row 1,1,1,questionable,material_color,Row 1 screw is rendered silver; white may be a perceptual synonym under bright lighting.
203,2026-09-04 10:15:43,Mann,individual_part,Row2_Screws.stl,SCREW_ROW2,21,left red screw for row 2,1,1,questionable,material_color,"Row 2 screw is rendered black, but the description says red. The color may instead refer to the associated colored assembly row, so this is not treated as definitely wrong."
204,2026-09-04 10:15:56,Mann,individual_part,Row3_Screws.stl,SCREW_ROW3,22,right green screw for row 3,1,1,questionable,material_color,"Row 3 screw is rendered black, but the description says green. The color may instead refer to the associated colored assembly row, so this is not treated as definitely wrong."
205,2026-09-04 10:16:19,Mann,individual_part,Row4_Screws.stl,SCREW_ROW4,23,right blue screw for row 4,1,1,questionable,material_color,"Row 4 screw is rendered silver, but the description says blue. The color may instead refer to the associated colored assembly row, so this is not treated as definitely wrong."
206,2026-09-04 10:16:50,Mann,individual_part,Handle.stl,CRANK_HANDLE_ROW1,24,white right handle,1,1,ok,,
207,2026-09-04 10:16:59,Mann,individual_part,BaseBoard.stl,BASE_BOARD,25,black bottom board,1,1,ok,,
208,2026-09-04 10:17:17,Mann,individual_part,WoodenPin.stl,PIN,26,right wooden pin for green,1,1,ok,,
209,2026-09-04 13:08:53,Kuber,individual_part,Row1_GearStand_Left.stl,STAND_ROW1_LEFT,1,a white gearstand on the left,1,1,ok,,
210,2026-09-04 13:09:14,Kuber,individual_part,Row1_GearStand_Right.stl,STAND_ROW1_RIGHT,2,row 1 right gear stand,1,1,ok,,
211,2026-09-04 13:09:27,Kuber,individual_part,Row2_GearStand_Left.stl,STAND_ROW2_LEFT,3,row 2 left gear stand,1,1,ok,,
212,2026-09-04 13:09:36,Kuber,individual_part,Row2_GearStand_Right.stl,STAND_ROW2_RIGHT,4,red gear stand on the right,1,1,ok,,
213,2026-09-04 13:09:47,Kuber,individual_part,Row3_GearStand_Left.stl,STAND_ROW3_LEFT,5,green gear stand on the left,1,1,ok,,
214,2026-09-04 13:10:04,Kuber,individual_part,Row3_GearStand_Right.stl,STAND_ROW3_RIGHT,6,right gear stand in row 3,1,1,ok,,
215,2026-09-04 13:10:13,Kuber,individual_part,Row4_GearStand_Left.stl,STAND_ROW4_LEFT,7,left blue gear stand,1,1,ok,,
216,2026-09-04 13:10:22,Kuber,individual_part,Row4_GearStand_Right.stl,STAND_ROW4_RIGHT,8,row 4 gear stand on the right,1,1,ok,,
217,2026-09-04 13:10:48,Kuber,individual_part,Row1_GearRod.stl,GEAR_ROD_ROW1,9,row 1 rod,1,1,ok,,
218,2026-09-04 13:10:52,Kuber,individual_part,Row2_GearRod.stl,GEAR_ROD_ROW2,10,red rod,1,1,ok,,
219,2026-09-04 13:11:00,Kuber,individual_part,Row3_GearRod.stl,GEAR_ROD_ROW3,11,rod for row 3,1,1,ok,,
220,2026-09-04 13:11:06,Kuber,individual_part,Row4_GearRod.stl,GEAR_ROD_ROW4,12,blue rod,1,1,ok,,
221,2026-09-04 13:11:13,Kuber,individual_part,Row1_Gear_Left.stl,GEAR_ROW1_LEFT,13,white gear on the left,1,1,ok,,
222,2026-09-04 13:11:23,Kuber,individual_part,Row2_Gear_Left.stl,GEAR_ROW2_LEFT,14,row 2 left gear,1,1,ok,,
223,2026-09-04 13:11:27,Kuber,individual_part,Row2_Gear_Right.stl,GEAR_ROW2_RIGHT,15,row 2 right gear,1,1,ok,,
224,2026-09-04 13:11:33,Kuber,individual_part,Row3_Gear_Left.stl,GEAR_ROW3_LEFT,16,green left gear,1,1,ok,,
225,2026-09-04 13:11:37,Kuber,individual_part,Row3_Gear_Right.stl,GEAR_ROW3_RIGHT,17,green right gear,1,1,ok,,
226,2026-09-04 13:11:42,Kuber,individual_part,Row4_Gear_Left.stl,GEAR_ROW4_LEFT,18,blue left gear,1,1,ok,,
227,2026-09-04 13:11:51,Kuber,individual_part,Bearing.stl,BEARING,19,row 3 left bearing,1,1,ok,,
228,2026-09-04 13:12:03,Kuber,individual_part,Row1_Screws.stl,SCREW_ROW1,20,row 1 left screw,1,1,ok,,
229,2026-09-04 13:12:16,Kuber,individual_part,Row2_Screws.stl,SCREW_ROW2,21,red screw on the left,1,1,questionable,material_color,"Row 2 screw is rendered black, but the description says red. The color may instead refer to the associated colored assembly row, so this is not treated as definitely wrong."
230,2026-09-04 13:12:30,Kuber,individual_part,Row3_Screws.stl,SCREW_ROW3,22,right green screw,1,1,questionable,material_color,"Row 3 screw is rendered black, but the description says green. The color may instead refer to the associated colored assembly row, so this is not treated as definitely wrong."
231,2026-09-04 13:12:41,Kuber,individual_part,Row4_Screws.stl,SCREW_ROW4,23,row 4 right screw,1,1,ok,,
232,2026-09-04 13:12:51,Kuber,individual_part,Handle.stl,CRANK_HANDLE_ROW1,24,handle on the right of row 1,1,1,ok,,
233,2026-09-04 13:13:11,Kuber,individual_part,BaseBoard.stl,BASE_BOARD,25,baseboard,1,1,ok,,
234,2026-09-04 13:13:26,Kuber,individual_part,WoodenPin.stl,PIN,26,pin on the right of row 3,1,1,ok,,
235,2026-09-04 16:21:59,Apoorva,individual_part,Row1_GearStand_Left.stl,STAND_ROW1_LEFT,1,"Row 1, left component (gearstand)with circle marking",1,1,ok,,
236,2026-09-04 16:22:54,Apoorva,individual_part,Row1_GearStand_Right.stl,STAND_ROW1_RIGHT,2,"row 1, right gearstand, white colour",1,1,ok,,
237,2026-09-04 16:23:42,Apoorva,individual_part,Row2_GearStand_Left.stl,STAND_ROW2_LEFT,3,"row 2, left gearstand, red colour , triangle marking",1,1,ok,,
238,2026-09-04 16:24:39,Apoorva,individual_part,Row2_GearStand_Right.stl,STAND_ROW2_RIGHT,4,"row 2, left gearstand, red colour, triangle marking",1,1,wrong,side,"Target is STAND_ROW2_RIGHT, but the description says left."
239,2026-09-04 16:26:07,Apoorva,individual_part,Row3_GearStand_Left.stl,STAND_ROW3_LEFT,5,"Row 3, left gearsatnd, hexagon marking, green colour",1,1,ok,,
240,2026-09-04 16:26:39,Apoorva,individual_part,Row3_GearStand_Right.stl,STAND_ROW3_RIGHT,6,"row 3, right gearstand, hexagon marking, green colour",1,1,ok,,
241,2026-09-04 16:27:14,Apoorva,individual_part,Row4_GearStand_Left.stl,STAND_ROW4_LEFT,7,"row 4, square marking, blue colour, gearstand",1,1,ok,,
242,2026-09-04 16:27:48,Apoorva,individual_part,Row4_GearStand_Right.stl,STAND_ROW4_RIGHT,8,"row 4, right gearstand, blue colour, square marking",1,1,ok,,
243,2026-09-04 16:28:09,Apoorva,individual_part,Row1_GearRod.stl,GEAR_ROD_ROW1,9,"row 1, rod, white colour",1,1,ok,,
244,2026-09-04 16:28:21,Apoorva,individual_part,Row2_GearRod.stl,GEAR_ROD_ROW2,10,"row 2 rod, red colour",1,1,ok,,
245,2026-09-04 16:28:34,Apoorva,individual_part,Row3_GearRod.stl,GEAR_ROD_ROW3,11,"row 3 rod, green colour",1,1,ok,,
246,2026-09-04 16:28:49,Apoorva,individual_part,Row4_GearRod.stl,GEAR_ROD_ROW4,12,"row 4 rod, blue colour",1,1,ok,,
247,2026-09-04 16:29:09,Apoorva,individual_part,Row1_Gear_Left.stl,GEAR_ROW1_LEFT,13,"row 1 gear, white colour",1,1,ok,,
248,2026-09-04 16:29:21,Apoorva,individual_part,Row2_Gear_Left.stl,GEAR_ROW2_LEFT,14,"row 2 gear, red colour",1,1,ok,,
249,2026-09-04 16:29:52,Apoorva,individual_part,Row2_Gear_Right.stl,GEAR_ROW2_RIGHT,15,"row 2 right gear (bigger one), red colour",1,1,ok,,
250,2026-09-04 16:30:14,Apoorva,individual_part,Row3_Gear_Left.stl,GEAR_ROW3_LEFT,16,row 3 green smaller gear (left one),1,1,ok,,
251,2026-09-04 16:30:48,Apoorva,individual_part,Row3_Gear_Right.stl,GEAR_ROW3_RIGHT,17,"row 3, green, bigger gear (right one)",1,1,ok,,
252,2026-09-04 16:31:17,Apoorva,individual_part,Row4_Gear_Left.stl,GEAR_ROW4_LEFT,18,"row 4 gear, blue colour",1,1,ok,,
253,2026-09-04 16:31:58,Apoorva,individual_part,Bearing.stl,BEARING,19,"Row 1 bearing, white",1,1,questionable,material_color,"Bearing is rendered black, but the description says white. The color may instead refer to the associated colored assembly row, so this is not treated as definitely wrong."
254,2026-09-04 16:32:53,Apoorva,individual_part,Row1_Screws.stl,SCREW_ROW1,20,row 1 screw,1,1,ok,,
255,2026-09-04 16:33:10,Apoorva,individual_part,Row2_Screws.stl,SCREW_ROW2,21,row 2 screw,1,1,ok,,
256,2026-09-04 16:33:23,Apoorva,individual_part,Row3_Screws.stl,SCREW_ROW3,22,row 3 screw,1,1,ok,,
257,2026-09-04 16:33:32,Apoorva,individual_part,Row4_Screws.stl,SCREW_ROW4,23,row 4 screw,1,1,ok,,
258,2026-09-04 16:34:07,Apoorva,individual_part,Handle.stl,CRANK_HANDLE_ROW1,24,"row 1, handle, white",1,1,ok,,
259,2026-09-04 16:34:20,Apoorva,individual_part,BaseBoard.stl,BASE_BOARD,25,"the base, board",1,1,ok,,
260,2026-09-04 16:34:33,Apoorva,individual_part,WoodenPin.stl,PIN,26,wooden pin,1,1,ok,,
261,2026-09-05 09:50:34,Arunn,individual_part,Row1_GearStand_Left.stl,STAND_ROW1_LEFT,1,Left side white gear stand labeled with a circle,1,1,ok,,
262,2026-09-05 09:51:33,Arunn,individual_part,Row1_GearStand_Right.stl,STAND_ROW1_RIGHT,2,Right side white gear stand; it has a through hole with an internal shoulder,1,1,ok,,
263,2026-09-05 09:51:58,Arunn,individual_part,Row2_GearStand_Left.stl,STAND_ROW2_LEFT,3,Left side gear stand; it is red and is labeled with a triangle,1,1,ok,,
264,2026-09-05 09:52:45,Arunn,individual_part,Row2_GearStand_Right.stl,STAND_ROW2_RIGHT,4,Right side gear stand; it is red and labeled with a triangle,1,1,ok,,
265,2026-09-05 09:53:23,Arunn,individual_part,Row3_GearStand_Left.stl,STAND_ROW3_LEFT,5,Left side green gear stand; it is labeled with a hexagon,1,1,ok,,
266,2026-09-05 09:53:36,Arunn,individual_part,Row3_GearStand_Right.stl,STAND_ROW3_RIGHT,6,Right side green gear stand; it is labeled with a hexagon,1,1,ok,,
267,2026-09-05 09:53:59,Arunn,individual_part,Row4_GearStand_Left.stl,STAND_ROW4_LEFT,7,Left side blue gear stand; it is labeled with a square,1,1,ok,,
268,2026-09-05 09:54:06,Arunn,individual_part,Row4_GearStand_Right.stl,STAND_ROW4_RIGHT,8,Right side blue gear stand; it is labeled with a square,1,1,ok,,
269,2026-09-05 09:54:53,Arunn,individual_part,Row1_GearRod.stl,GEAR_ROD_ROW1,9,White gear shaft; it is the longest of the four shafts,1,1,ok,,
270,2026-09-05 09:55:11,Arunn,individual_part,Row2_GearRod.stl,GEAR_ROD_ROW2,10,Red gear shaft,1,1,ok,,
271,2026-09-05 09:55:17,Arunn,individual_part,Row3_GearRod.stl,GEAR_ROD_ROW3,11,Green gear shaft,1,1,ok,,
272,2026-09-05 09:55:24,Arunn,individual_part,Row4_GearRod.stl,GEAR_ROD_ROW4,12,Blue gear shaft,1,1,ok,,
273,2026-09-05 09:56:25,Arunn,individual_part,Row1_Gear_Left.stl,GEAR_ROW1_LEFT,13,White input gear; there is a circle embossed on the face without the shaft collar,1,1,ok,,
274,2026-09-05 09:57:35,Arunn,individual_part,Row2_Gear_Left.stl,GEAR_ROW2_LEFT,14,"Small red gear; it has 20 teeth, and there is a triangle embossed on one face",1,1,ok,,
275,2026-09-05 09:58:39,Arunn,individual_part,Row2_Gear_Right.stl,GEAR_ROW2_RIGHT,15,Large red gear; it has 32 teeth and is marked with a triangle on one face,1,1,ok,,
276,2026-09-05 09:59:42,Arunn,individual_part,Row3_Gear_Left.stl,GEAR_ROW3_LEFT,16,Small green gear; it has 20 teeth and is marked with a hexagon on one face,1,1,ok,,
277,2026-09-05 10:00:28,Arunn,individual_part,Row3_Gear_Right.stl,GEAR_ROW3_RIGHT,17,Large green gear; it has 24 teeth and is marked with a hexagon on one face,1,1,ok,,
278,2026-09-05 10:01:24,Arunn,individual_part,Row4_Gear_Left.stl,GEAR_ROW4_LEFT,18,Large blue output gear; it has 42 teeth and is marked with a square on one face,1,1,ok,,
279,2026-09-05 10:02:31,Arunn,individual_part,Bearing.stl,BEARING,19,"Black bearing for shafts; it has two rectangular keyways cut along the length of the bearing, 180 degrees apart",1,1,ok,,
280,2026-09-05 10:03:29,Arunn,individual_part,Row1_Screws.stl,SCREW_ROW1,20,Socket head screw that is used on Row 1,1,1,ok,,
281,2026-09-05 10:04:26,Arunn,individual_part,Row2_Screws.stl,SCREW_ROW2,21,Button head screw used in Row 2,1,1,ok,,
282,2026-09-05 10:04:44,Arunn,individual_part,Row3_Screws.stl,SCREW_ROW3,22,Button head screw used in Row 3,1,1,ok,,
283,2026-09-05 10:05:23,Arunn,individual_part,Row4_Screws.stl,SCREW_ROW4,23,Flat headed screw with thin head used in Row 4,1,1,questionable,part_subtype,Row 4 uses a pan-head Phillips screw; “flat headed” may be an inaccurate subtype description.
284,2026-09-05 10:05:33,Arunn,individual_part,Handle.stl,CRANK_HANDLE_ROW1,24,Input handle,1,1,ok,,
285,2026-09-05 10:05:41,Arunn,individual_part,BaseBoard.stl,BASE_BOARD,25,Black base plate,1,1,ok,,
286,2026-09-05 10:05:59,Arunn,individual_part,WoodenPin.stl,PIN,26,Brown pin used to fix gears,1,1,ok,,
