timestamp,participant_id,condition,event_type,modality,step_id,step_title,step_state,step_attempt,step_event_index,tool_id,tool_name,part_elapsed_s,step_elapsed_s,head_translation_m,head_rotation_deg,correct,transcript,vlm_prediction,vlm_raw,graph_decision,spoken_response,state_json
2026-09-02T12:19:33.262-04:00,parisa,task_aware,step_started,keyboard,r1_gear_rod,Row 1.2: assemble gear rod,ready,1,1,,,,,,,,,,,,,"{""acquired_tool_ids"": [], ""acquisition_complete"": false, ""completed_steps"": [], ""head_rotation_deg"": null, ""head_translation_m"": null, ""removed_tool_ids"": [], ""selected_step"": ""r1_gear_rod"", ""step_attempt"": 1, ""step_elapsed_s"": 6.846000906080008e-05, ""step_event_index"": 1, ""trial_finished_elapsed_s"": null, ""trial_recording"": true, ""trial_required_tool_ids"": [14, 26, 33]}"
2026-09-02T12:19:46.370-04:00,parisa,task_aware,vlm_interaction,language,r1_gear_rod,Row 1.2: assemble gear rod,ready,1,2,,,,,,,,What parts do I need?,AMBIGUOUS,"{
  ""intent"": ""part_reference"",
  ""part_action"": ""reference"",
  ""reference_relation"": ""direct"",
  ""step_scope"": ""selected_step"",
  ""target"": ""AMBIGUOUS"",
  ""candidates"": [
    ""GEAR_ROD_ROW1"",
    ""GEAR_ROW1_LEFT"",
    ""ROW1_KIT""
  ],
  ""exclude_labels"": []
}",selected_step_needs_highlight,I identified and highlighted the parts.,"{""acquired_tool_ids"": [], ""acquisition_complete"": false, ""completed_steps"": [], ""head_rotation_deg"": null, ""head_translation_m"": null, ""removed_tool_ids"": [], ""selected_step"": ""r1_gear_rod"", ""step_attempt"": 1, ""step_elapsed_s"": 13.108554453996476, ""step_event_index"": 2, ""trial_finished_elapsed_s"": null, ""trial_recording"": true, ""trial_required_tool_ids"": [14, 26, 33]}"
2026-09-02T12:20:02.176-04:00,parisa,task_aware,vlm_interaction,language,r1_gear_rod,Row 1.2: assemble gear rod,ready,1,3,,,,,,,,can you have the shaft,GEAR_ROD_ROW1,"{""intent"":""part_reference"",""part_action"":""fetch"",""reference_relation"":""direct"",""step_scope"":"""",""target"":""GEAR_ROD_ROW1"",""candidates"":[],""exclude_labels"":[]}",language_grounded,I identified and highlighted the Row 1 gear rod.,"{""acquired_tool_ids"": [], ""acquisition_complete"": false, ""completed_steps"": [], ""head_rotation_deg"": null, ""head_translation_m"": null, ""removed_tool_ids"": [], ""selected_step"": ""r1_gear_rod"", ""step_attempt"": 1, ""step_elapsed_s"": 28.913809671998024, ""step_event_index"": 3, ""trial_finished_elapsed_s"": null, ""trial_recording"": true, ""trial_required_tool_ids"": [14, 26, 33]}"
2026-09-02T12:20:02.271-04:00,parisa,task_aware,part_selection,language,r1_gear_rod,Row 1.2: assemble gear rod,ready,1,4,14,GEAR_ROD_ROW1,29.009341,29.009341,,,1,,,,,,"{""acquired_tool_ids"": [14], ""acquisition_complete"": false, ""completed_steps"": [], ""head_rotation_deg"": null, ""head_translation_m"": null, ""removed_tool_ids"": [], ""selected_step"": ""r1_gear_rod"", ""step_attempt"": 1, ""step_elapsed_s"": 29.009627598978113, ""step_event_index"": 4, ""trial_finished_elapsed_s"": null, ""trial_recording"": true, ""trial_required_tool_ids"": [14, 26, 33]}"
2026-09-02T12:20:02.330-04:00,parisa,task_aware,object_acquired,language,r1_gear_rod,Row 1.2: assemble gear rod,ready,1,5,14,GEAR_ROD_ROW1,29.009341,29.009341,,,1,,,,,,"{""acquired_tool_ids"": [14], ""acquisition_complete"": false, ""completed_steps"": [], ""head_rotation_deg"": null, ""head_translation_m"": null, ""removed_tool_ids"": [], ""selected_step"": ""r1_gear_rod"", ""step_attempt"": 1, ""step_elapsed_s"": 29.068553945980966, ""step_event_index"": 5, ""trial_finished_elapsed_s"": null, ""trial_recording"": true, ""trial_required_tool_ids"": [14, 26, 33]}"
2026-09-02T12:20:18.951-04:00,parisa,task_aware,vlm_interaction,language,r1_gear_rod,Row 1.2: assemble gear rod,ready,1,6,,,,,,,,can you get the other one?,GEAR_ROW1_LEFT,"{""intent"":""step_items_request"",""item_scope"":""parts"",""part_action"":""fetch"",""reference_relation"":""alternative_to_previous"",""step_scope"":""selected_step"",""target"":"""",""candidates"":[],""exclude_labels"":[]}",selected_step_physical_cycle,I identified and highlighted the Row 1 left gear.,"{""acquired_tool_ids"": [14], ""acquisition_complete"": false, ""completed_steps"": [], ""head_rotation_deg"": null, ""head_translation_m"": null, ""removed_tool_ids"": [], ""selected_step"": ""r1_gear_rod"", ""step_attempt"": 1, ""step_elapsed_s"": 45.68922775198007, ""step_event_index"": 6, ""trial_finished_elapsed_s"": null, ""trial_recording"": true, ""trial_required_tool_ids"": [14, 26, 33]}"
2026-09-02T12:20:18.993-04:00,parisa,task_aware,part_selection,language,r1_gear_rod,Row 1.2: assemble gear rod,ready,1,7,26,GEAR_ROW1_LEFT,16.721535,45.730876,,,1,,,,,,"{""acquired_tool_ids"": [14, 26], ""acquisition_complete"": false, ""completed_steps"": [], ""head_rotation_deg"": null, ""head_translation_m"": null, ""removed_tool_ids"": [], ""selected_step"": ""r1_gear_rod"", ""step_attempt"": 1, ""step_elapsed_s"": 45.73093383596279, ""step_event_index"": 7, ""trial_finished_elapsed_s"": null, ""trial_recording"": true, ""trial_required_tool_ids"": [14, 26, 33]}"
2026-09-02T12:20:19.012-04:00,parisa,task_aware,object_acquired,language,r1_gear_rod,Row 1.2: assemble gear rod,ready,1,8,26,GEAR_ROW1_LEFT,16.721535,45.730876,,,1,,,,,,"{""acquired_tool_ids"": [14, 26], ""acquisition_complete"": false, ""completed_steps"": [], ""head_rotation_deg"": null, ""head_translation_m"": null, ""removed_tool_ids"": [], ""selected_step"": ""r1_gear_rod"", ""step_attempt"": 1, ""step_elapsed_s"": 45.75056003499776, ""step_event_index"": 8, ""trial_finished_elapsed_s"": null, ""trial_recording"": true, ""trial_required_tool_ids"": [14, 26, 33]}"
2026-09-02T12:20:32.607-04:00,parisa,task_aware,vlm_interaction,language,r1_gear_rod,Row 1.2: assemble gear rod,ready,1,9,,,,,,,,wooden pin please,PIN_ROW1,"{""intent"":""part_reference"",""part_action"":""fetch"",""reference_relation"":""alternative_to_previous"",""step_scope"":""selected_step"",""target"":""AMBIGUOUS"",""candidates"":[""PIN_ROW1_LEFT"",""PIN_ROW1_RIGHT""],""exclude_labels"":[]}",language_grounded,I identified and highlighted the Row 1 wooden retaining pins.,"{""acquired_tool_ids"": [14, 26], ""acquisition_complete"": false, ""completed_steps"": [], ""head_rotation_deg"": null, ""head_translation_m"": null, ""removed_tool_ids"": [], ""selected_step"": ""r1_gear_rod"", ""step_attempt"": 1, ""step_elapsed_s"": 59.344940733979456, ""step_event_index"": 9, ""trial_finished_elapsed_s"": null, ""trial_recording"": true, ""trial_required_tool_ids"": [14, 26, 33]}"
2026-09-02T12:20:32.639-04:00,parisa,task_aware,part_selection,language,r1_gear_rod,Row 1.2: assemble gear rod,ready,1,10,33,PINS,13.646078,59.376955,,,1,,,,,,"{""acquired_tool_ids"": [14, 26, 33], ""acquisition_complete"": false, ""completed_steps"": [], ""head_rotation_deg"": null, ""head_translation_m"": null, ""removed_tool_ids"": [], ""selected_step"": ""r1_gear_rod"", ""step_attempt"": 1, ""step_elapsed_s"": 59.37720931798685, ""step_event_index"": 10, ""trial_finished_elapsed_s"": null, ""trial_recording"": true, ""trial_required_tool_ids"": [14, 26, 33]}"
2026-09-02T12:20:32.674-04:00,parisa,task_aware,object_acquired,language,r1_gear_rod,Row 1.2: assemble gear rod,ready,1,11,33,PINS,13.646078,59.376955,,,1,,,,,,"{""acquired_tool_ids"": [14, 26, 33], ""acquisition_complete"": false, ""completed_steps"": [], ""head_rotation_deg"": null, ""head_translation_m"": null, ""removed_tool_ids"": [], ""selected_step"": ""r1_gear_rod"", ""step_attempt"": 1, ""step_elapsed_s"": 59.41185192600824, ""step_event_index"": 11, ""trial_finished_elapsed_s"": null, ""trial_recording"": true, ""trial_required_tool_ids"": [14, 26, 33]}"
2026-09-02T12:20:32.692-04:00,parisa,task_aware,step_acquisition_complete,language,r1_gear_rod,Row 1.2: assemble gear rod,ready,1,12,,,,59.426711,1.932627,498.911729,,,,,,,"{""acquired_tool_ids"": [14, 26, 33], ""acquisition_complete"": true, ""completed_steps"": [], ""head_rotation_deg"": 498.9117287226103, ""head_translation_m"": 1.932627165836976, ""removed_tool_ids"": [14, 26], ""selected_step"": ""r1_gear_rod"", ""step_attempt"": 1, ""step_elapsed_s"": 59.42671122995671, ""step_event_index"": 12, ""trial_finished_elapsed_s"": 59.42671122995671, ""trial_recording"": false, ""trial_required_tool_ids"": [14, 26, 33]}"
2026-09-02T12:20:32.707-04:00,parisa,task_aware,graph_complete,,r1_gear_rod,Row 1.2: assemble gear rod,complete,1,13,,,,,,,,,,,,,"{""acquired_tool_ids"": [14, 26, 33], ""acquisition_complete"": true, ""completed_steps"": [""r1_gear_rod""], ""head_rotation_deg"": 498.9117287226103, ""head_translation_m"": 1.932627165836976, ""removed_tool_ids"": [14, 26], ""selected_step"": ""r1_gear_rod"", ""step_attempt"": 1, ""step_elapsed_s"": 59.42671122995671, ""step_event_index"": 13, ""trial_finished_elapsed_s"": 59.42671122995671, ""trial_recording"": false, ""trial_required_tool_ids"": [14, 26, 33]}"
2026-09-02T12:20:57.418-04:00,parisa,task_aware,step_started,keyboard,r2_gear_rod,Row 2.2: assemble gear rod,ready,2,1,,,,,,,,,,,,,"{""acquired_tool_ids"": [], ""acquisition_complete"": false, ""completed_steps"": [""r1_gear_rod""], ""head_rotation_deg"": null, ""head_translation_m"": null, ""removed_tool_ids"": [14, 26], ""selected_step"": ""r2_gear_rod"", ""step_attempt"": 2, ""step_elapsed_s"": 8.317100582644343e-05, ""step_event_index"": 1, ""trial_finished_elapsed_s"": null, ""trial_recording"": true, ""trial_required_tool_ids"": [15, 27, 28]}"
2026-09-02T12:21:11.942-04:00,parisa,task_aware,vlm_interaction,language,r2_gear_rod,Row 2.2: assemble gear rod,ready,2,2,,,,,,,,what parts do I need,AMBIGUOUS,"{
  ""intent"": ""part_reference"",
  ""part_action"": ""reference"",
  ""reference_relation"": ""direct"",
  ""step_scope"": ""selected_step"",
  ""target"": ""AMBIGUOUS"",
  ""candidates"": [
    ""GEAR_ROD_ROW2"",
    ""GEAR_ROW2_LEFT"",
    ""GEAR_ROW2_RIGHT"",
    ""PIN_ROW2_LEFT"",
    ""PIN_ROW2_RIGHT"",
    ""ROW2_KIT""
  ],
  ""exclude_labels"": []
}",selected_step_needs_highlight,I identified and highlighted the parts.,"{""acquired_tool_ids"": [], ""acquisition_complete"": false, ""completed_steps"": [""r1_gear_rod""], ""head_rotation_deg"": null, ""head_translation_m"": null, ""removed_tool_ids"": [14, 26], ""selected_step"": ""r2_gear_rod"", ""step_attempt"": 2, ""step_elapsed_s"": 14.52330385899404, ""step_event_index"": 2, ""trial_finished_elapsed_s"": null, ""trial_recording"": true, ""trial_required_tool_ids"": [15, 27, 28]}"
2026-09-02T12:21:22.147-04:00,parisa,task_aware,vlm_interaction,language,r2_gear_rod,Row 2.2: assemble gear rod,ready,2,3,,,,,,,,give me the shaft,GEAR_ROD_ROW2,"{""intent"":""part_reference"",""part_action"":""fetch"",""reference_relation"":""direct"",""step_scope"":"""",""target"":""GEAR_ROD_ROW2"",""candidates"":[],""exclude_labels"":[]}",language_grounded,I identified and highlighted the Row 2 gear rod.,"{""acquired_tool_ids"": [], ""acquisition_complete"": false, ""completed_steps"": [""r1_gear_rod""], ""head_rotation_deg"": null, ""head_translation_m"": null, ""removed_tool_ids"": [14, 26], ""selected_step"": ""r2_gear_rod"", ""step_attempt"": 2, ""step_elapsed_s"": 24.728904735005926, ""step_event_index"": 3, ""trial_finished_elapsed_s"": null, ""trial_recording"": true, ""trial_required_tool_ids"": [15, 27, 28]}"
2026-09-02T12:21:22.170-04:00,parisa,task_aware,part_selection,language,r2_gear_rod,Row 2.2: assemble gear rod,ready,2,4,15,GEAR_ROD_ROW2,24.751928,24.751928,,,1,,,,,,"{""acquired_tool_ids"": [15], ""acquisition_complete"": false, ""completed_steps"": [""r1_gear_rod""], ""head_rotation_deg"": null, ""head_translation_m"": null, ""removed_tool_ids"": [14, 26], ""selected_step"": ""r2_gear_rod"", ""step_attempt"": 2, ""step_elapsed_s"": 24.751977120002266, ""step_event_index"": 4, ""trial_finished_elapsed_s"": null, ""trial_recording"": true, ""trial_required_tool_ids"": [15, 27, 28]}"
2026-09-02T12:21:22.189-04:00,parisa,task_aware,object_acquired,language,r2_gear_rod,Row 2.2: assemble gear rod,ready,2,5,15,GEAR_ROD_ROW2,24.751928,24.751928,,,1,,,,,,"{""acquired_tool_ids"": [15], ""acquisition_complete"": false, ""completed_steps"": [""r1_gear_rod""], ""head_rotation_deg"": null, ""head_translation_m"": null, ""removed_tool_ids"": [14, 26], ""selected_step"": ""r2_gear_rod"", ""step_attempt"": 2, ""step_elapsed_s"": 24.770394010003656, ""step_event_index"": 5, ""trial_finished_elapsed_s"": null, ""trial_recording"": true, ""trial_required_tool_ids"": [15, 27, 28]}"
2026-09-02T12:21:37.820-04:00,parisa,task_aware,vlm_interaction,language,r2_gear_rod,Row 2.2: assemble gear rod,ready,2,6,,,,,,,,give me one of the gears,AMBIGUOUS,"{""intent"":""part_reference"",""part_action"":""fetch"",""reference_relation"":""member_of_recent_set"",""step_scope"":"""",""target"":""AMBIGUOUS"",""candidates"":[""GEAR_ROW2_LEFT"",""GEAR_ROW2_RIGHT""],""exclude_labels"":[]}",step_cycle_empty,There are no remaining pegboard objects for this step.,"{""acquired_tool_ids"": [15], ""acquisition_complete"": false, ""completed_steps"": [""r1_gear_rod""], ""head_rotation_deg"": null, ""head_translation_m"": null, ""removed_tool_ids"": [14, 26], ""selected_step"": ""r2_gear_rod"", ""step_attempt"": 2, ""step_elapsed_s"": 40.401895777962636, ""step_event_index"": 6, ""trial_finished_elapsed_s"": null, ""trial_recording"": true, ""trial_required_tool_ids"": [15, 27, 28]}"
2026-09-02T12:21:54.261-04:00,parisa,task_aware,vlm_interaction,language,r2_gear_rod,Row 2.2: assemble gear rod,ready,2,7,,,,,,,,give me the left gear,GEAR_ROW2_LEFT,"{""intent"":""part_reference"",""part_action"":""fetch"",""reference_relation"":""direct"",""step_scope"":"""",""target"":""GEAR_ROW2_LEFT"",""candidates"":[],""exclude_labels"":[]}",language_grounded,I identified and highlighted the Row 2 left gear.,"{""acquired_tool_ids"": [15], ""acquisition_complete"": false, ""completed_steps"": [""r1_gear_rod""], ""head_rotation_deg"": null, ""head_translation_m"": null, ""removed_tool_ids"": [14, 26], ""selected_step"": ""r2_gear_rod"", ""step_attempt"": 2, ""step_elapsed_s"": 56.84301799000241, ""step_event_index"": 7, ""trial_finished_elapsed_s"": null, ""trial_recording"": true, ""trial_required_tool_ids"": [15, 27, 28]}"
2026-09-02T12:21:54.306-04:00,parisa,task_aware,part_selection,language,r2_gear_rod,Row 2.2: assemble gear rod,ready,2,8,27,GEAR_ROW2_LEFT,32.135643,56.887571,,,1,,,,,,"{""acquired_tool_ids"": [15, 27], ""acquisition_complete"": false, ""completed_steps"": [""r1_gear_rod""], ""head_rotation_deg"": null, ""head_translation_m"": null, ""removed_tool_ids"": [14, 26], ""selected_step"": ""r2_gear_rod"", ""step_attempt"": 2, ""step_elapsed_s"": 56.88764554797672, ""step_event_index"": 8, ""trial_finished_elapsed_s"": null, ""trial_recording"": true, ""trial_required_tool_ids"": [15, 27, 28]}"
2026-09-02T12:21:54.324-04:00,parisa,task_aware,object_acquired,language,r2_gear_rod,Row 2.2: assemble gear rod,ready,2,9,27,GEAR_ROW2_LEFT,32.135643,56.887571,,,1,,,,,,"{""acquired_tool_ids"": [15, 27], ""acquisition_complete"": false, ""completed_steps"": [""r1_gear_rod""], ""head_rotation_deg"": null, ""head_translation_m"": null, ""removed_tool_ids"": [14, 26], ""selected_step"": ""r2_gear_rod"", ""step_attempt"": 2, ""step_elapsed_s"": 56.905388473998755, ""step_event_index"": 9, ""trial_finished_elapsed_s"": null, ""trial_recording"": true, ""trial_required_tool_ids"": [15, 27, 28]}"
2026-09-02T12:22:06.151-04:00,parisa,task_aware,vlm_interaction,language,r2_gear_rod,Row 2.2: assemble gear rod,ready,2,10,,,,,,,,give me the other gear,GEAR_ROW2_RIGHT,"{""intent"":""step_items_request"",""item_scope"":""parts"",""part_action"":""fetch"",""reference_relation"":""alternative_to_previous"",""step_scope"":""selected_step"",""target"":"""",""candidates"":[],""exclude_labels"":[]}",selected_step_physical_cycle,I identified and highlighted the Row 2 right gear.,"{""acquired_tool_ids"": [15, 27], ""acquisition_complete"": false, ""completed_steps"": [""r1_gear_rod""], ""head_rotation_deg"": null, ""head_translation_m"": null, ""removed_tool_ids"": [14, 26], ""selected_step"": ""r2_gear_rod"", ""step_attempt"": 2, ""step_elapsed_s"": 68.73238820099505, ""step_event_index"": 10, ""trial_finished_elapsed_s"": null, ""trial_recording"": true, ""trial_required_tool_ids"": [15, 27, 28]}"
2026-09-02T12:22:06.194-04:00,parisa,task_aware,part_selection,language,r2_gear_rod,Row 2.2: assemble gear rod,ready,2,11,28,GEAR_ROW2_RIGHT,11.887664,68.775234,,,1,,,,,,"{""acquired_tool_ids"": [15, 27, 28], ""acquisition_complete"": false, ""completed_steps"": [""r1_gear_rod""], ""head_rotation_deg"": null, ""head_translation_m"": null, ""removed_tool_ids"": [14, 26], ""selected_step"": ""r2_gear_rod"", ""step_attempt"": 2, ""step_elapsed_s"": 68.77538030699361, ""step_event_index"": 11, ""trial_finished_elapsed_s"": null, ""trial_recording"": true, ""trial_required_tool_ids"": [15, 27, 28]}"
2026-09-02T12:22:06.213-04:00,parisa,task_aware,object_acquired,language,r2_gear_rod,Row 2.2: assemble gear rod,ready,2,12,28,GEAR_ROW2_RIGHT,11.887664,68.775234,,,1,,,,,,"{""acquired_tool_ids"": [15, 27, 28], ""acquisition_complete"": false, ""completed_steps"": [""r1_gear_rod""], ""head_rotation_deg"": null, ""head_translation_m"": null, ""removed_tool_ids"": [14, 26], ""selected_step"": ""r2_gear_rod"", ""step_attempt"": 2, ""step_elapsed_s"": 68.79461182799423, ""step_event_index"": 12, ""trial_finished_elapsed_s"": null, ""trial_recording"": true, ""trial_required_tool_ids"": [15, 27, 28]}"
2026-09-02T12:22:06.226-04:00,parisa,task_aware,step_acquisition_complete,language,r2_gear_rod,Row 2.2: assemble gear rod,ready,2,13,,,,68.804318,1.708032,401.446138,,,,,,,"{""acquired_tool_ids"": [15, 27, 28], ""acquisition_complete"": true, ""completed_steps"": [""r1_gear_rod""], ""head_rotation_deg"": 401.4461377077325, ""head_translation_m"": 1.708031972038061, ""removed_tool_ids"": [14, 15, 26, 27, 28], ""selected_step"": ""r2_gear_rod"", ""step_attempt"": 2, ""step_elapsed_s"": 68.80431767296977, ""step_event_index"": 13, ""trial_finished_elapsed_s"": 68.80431767296977, ""trial_recording"": false, ""trial_required_tool_ids"": [15, 27, 28]}"
2026-09-02T12:22:06.236-04:00,parisa,task_aware,graph_complete,,r2_gear_rod,Row 2.2: assemble gear rod,complete,2,14,,,,,,,,,,,,,"{""acquired_tool_ids"": [15, 27, 28], ""acquisition_complete"": true, ""completed_steps"": [""r1_gear_rod"", ""r2_gear_rod""], ""head_rotation_deg"": 401.4461377077325, ""head_translation_m"": 1.708031972038061, ""removed_tool_ids"": [14, 15, 26, 27, 28], ""selected_step"": ""r2_gear_rod"", ""step_attempt"": 2, ""step_elapsed_s"": 68.80431767296977, ""step_event_index"": 14, ""trial_finished_elapsed_s"": 68.80431767296977, ""trial_recording"": false, ""trial_required_tool_ids"": [15, 27, 28]}"
2026-09-02T12:22:18.624-04:00,parisa,task_aware,step_started,keyboard,r1_bearing_right,Row 1.1: bearing into right stand,ready,3,1,,,,,,,,,,,,,"{""acquired_tool_ids"": [], ""acquisition_complete"": false, ""completed_steps"": [""r1_gear_rod"", ""r2_gear_rod""], ""head_rotation_deg"": null, ""head_translation_m"": null, ""removed_tool_ids"": [14, 15, 26, 27, 28], ""selected_step"": ""r1_bearing_right"", ""step_attempt"": 3, ""step_elapsed_s"": 0.0009040290024131536, ""step_event_index"": 1, ""trial_finished_elapsed_s"": null, ""trial_recording"": true, ""trial_required_tool_ids"": [19, 34]}"
2026-09-02T12:22:37.816-04:00,parisa,task_aware,vlm_interaction,language,r1_bearing_right,Row 1.1: bearing into right stand,ready,3,2,,,,,,,,which parts dO I NEED,AMBIGUOUS,"{
  ""intent"": ""part_reference"",
  ""part_action"": ""reference"",
  ""reference_relation"": ""direct"",
  ""step_scope"": ""selected_step"",
  ""target"": ""AMBIGUOUS"",
  ""candidates"": [
    ""BEARINGS"",
    ""STAND_ROW1_RIGHT"",
    ""BIT_HOLDER1""
  ],
  ""exclude_labels"": []
}",selected_step_needs_highlight,I identified and highlighted the parts.,"{""acquired_tool_ids"": [], ""acquisition_complete"": false, ""completed_steps"": [""r1_gear_rod"", ""r2_gear_rod""], ""head_rotation_deg"": null, ""head_translation_m"": null, ""removed_tool_ids"": [14, 15, 26, 27, 28], ""selected_step"": ""r1_bearing_right"", ""step_attempt"": 3, ""step_elapsed_s"": 19.19228648400167, ""step_event_index"": 2, ""trial_finished_elapsed_s"": null, ""trial_recording"": true, ""trial_required_tool_ids"": [19, 34]}"
2026-09-02T12:22:48.487-04:00,parisa,task_aware,vlm_interaction,language,r1_bearing_right,Row 1.1: bearing into right stand,ready,3,3,,,,,,,,GIVE ME THE GEAR STAND,STAND_ROW1_RIGHT,"{""intent"":""part_reference"",""part_action"":""fetch"",""reference_relation"":""direct"",""step_scope"":"""",""target"":""STAND_ROW1_RIGHT"",""candidates"":[],""exclude_labels"":[]}",language_grounded,I identified and highlighted the Row 1 right stand.,"{""acquired_tool_ids"": [], ""acquisition_complete"": false, ""completed_steps"": [""r1_gear_rod"", ""r2_gear_rod""], ""head_rotation_deg"": null, ""head_translation_m"": null, ""removed_tool_ids"": [14, 15, 26, 27, 28], ""selected_step"": ""r1_bearing_right"", ""step_attempt"": 3, ""step_elapsed_s"": 29.86338460200932, ""step_event_index"": 3, ""trial_finished_elapsed_s"": null, ""trial_recording"": true, ""trial_required_tool_ids"": [19, 34]}"
2026-09-02T12:22:48.518-04:00,parisa,task_aware,part_selection,language,r1_bearing_right,Row 1.1: bearing into right stand,ready,3,4,19,GEAR_STAND_ROW1_RIGHT,29.894460,29.894460,,,1,,,,,,"{""acquired_tool_ids"": [19], ""acquisition_complete"": false, ""completed_steps"": [""r1_gear_rod"", ""r2_gear_rod""], ""head_rotation_deg"": null, ""head_translation_m"": null, ""removed_tool_ids"": [14, 15, 26, 27, 28], ""selected_step"": ""r1_bearing_right"", ""step_attempt"": 3, ""step_elapsed_s"": 29.894509877020027, ""step_event_index"": 4, ""trial_finished_elapsed_s"": null, ""trial_recording"": true, ""trial_required_tool_ids"": [19, 34]}"
2026-09-02T12:22:48.536-04:00,parisa,task_aware,object_acquired,language,r1_bearing_right,Row 1.1: bearing into right stand,ready,3,5,19,GEAR_STAND_ROW1_RIGHT,29.894460,29.894460,,,1,,,,,,"{""acquired_tool_ids"": [19], ""acquisition_complete"": false, ""completed_steps"": [""r1_gear_rod"", ""r2_gear_rod""], ""head_rotation_deg"": null, ""head_translation_m"": null, ""removed_tool_ids"": [14, 15, 26, 27, 28], ""selected_step"": ""r1_bearing_right"", ""step_attempt"": 3, ""step_elapsed_s"": 29.912504178995732, ""step_event_index"": 5, ""trial_finished_elapsed_s"": null, ""trial_recording"": true, ""trial_required_tool_ids"": [19, 34]}"
2026-09-02T12:22:57.625-04:00,parisa,task_aware,vlm_interaction,language,r1_bearing_right,Row 1.1: bearing into right stand,ready,3,6,,,,,,,,GIVE ME THE BEARING,BEARING,"{""intent"":""part_reference"",""part_action"":""fetch"",""reference_relation"":""direct"",""step_scope"":"""",""target"":""BEARING"",""candidates"":[],""exclude_labels"":[]}",language_grounded,I identified and highlighted the bearing.,"{""acquired_tool_ids"": [19], ""acquisition_complete"": false, ""completed_steps"": [""r1_gear_rod"", ""r2_gear_rod""], ""head_rotation_deg"": null, ""head_translation_m"": null, ""removed_tool_ids"": [14, 15, 26, 27, 28], ""selected_step"": ""r1_bearing_right"", ""step_attempt"": 3, ""step_elapsed_s"": 39.00133462698432, ""step_event_index"": 6, ""trial_finished_elapsed_s"": null, ""trial_recording"": true, ""trial_required_tool_ids"": [19, 34]}"
2026-09-02T12:22:57.662-04:00,parisa,task_aware,part_selection,language,r1_bearing_right,Row 1.1: bearing into right stand,ready,3,7,34,BEARINGS,9.143596,39.038056,,,1,,,,,,"{""acquired_tool_ids"": [19, 34], ""acquisition_complete"": false, ""completed_steps"": [""r1_gear_rod"", ""r2_gear_rod""], ""head_rotation_deg"": null, ""head_translation_m"": null, ""removed_tool_ids"": [14, 15, 26, 27, 28], ""selected_step"": ""r1_bearing_right"", ""step_attempt"": 3, ""step_elapsed_s"": 39.03811071399832, ""step_event_index"": 7, ""trial_finished_elapsed_s"": null, ""trial_recording"": true, ""trial_required_tool_ids"": [19, 34]}"
2026-09-02T12:22:57.681-04:00,parisa,task_aware,object_acquired,language,r1_bearing_right,Row 1.1: bearing into right stand,ready,3,8,34,BEARINGS,9.143596,39.038056,,,1,,,,,,"{""acquired_tool_ids"": [19, 34], ""acquisition_complete"": false, ""completed_steps"": [""r1_gear_rod"", ""r2_gear_rod""], ""head_rotation_deg"": null, ""head_translation_m"": null, ""removed_tool_ids"": [14, 15, 26, 27, 28], ""selected_step"": ""r1_bearing_right"", ""step_attempt"": 3, ""step_elapsed_s"": 39.05768305400852, ""step_event_index"": 8, ""trial_finished_elapsed_s"": null, ""trial_recording"": true, ""trial_required_tool_ids"": [19, 34]}"
2026-09-02T12:22:57.694-04:00,parisa,task_aware,step_acquisition_complete,language,r1_bearing_right,Row 1.1: bearing into right stand,ready,3,9,,,,39.067987,2.180477,533.407506,,,,,,,"{""acquired_tool_ids"": [19, 34], ""acquisition_complete"": true, ""completed_steps"": [""r1_gear_rod"", ""r2_gear_rod""], ""head_rotation_deg"": 533.4075064284991, ""head_translation_m"": 2.1804773582219847, ""removed_tool_ids"": [14, 15, 19, 26, 27, 28], ""selected_step"": ""r1_bearing_right"", ""step_attempt"": 3, ""step_elapsed_s"": 39.067986720008776, ""step_event_index"": 9, ""trial_finished_elapsed_s"": 39.067986720008776, ""trial_recording"": false, ""trial_required_tool_ids"": [19, 34]}"
2026-09-02T12:22:57.890-04:00,parisa,task_aware,graph_complete,,r1_bearing_right,Row 1.1: bearing into right stand,complete,3,10,,,,,,,,,,,,,"{""acquired_tool_ids"": [19, 34], ""acquisition_complete"": true, ""completed_steps"": [""r1_gear_rod"", ""r2_gear_rod"", ""r1_bearing_right""], ""head_rotation_deg"": 533.4075064284991, ""head_translation_m"": 2.1804773582219847, ""removed_tool_ids"": [14, 15, 19, 26, 27, 28], ""selected_step"": ""r1_bearing_right"", ""step_attempt"": 3, ""step_elapsed_s"": 39.067986720008776, ""step_event_index"": 10, ""trial_finished_elapsed_s"": 39.067986720008776, ""trial_recording"": false, ""trial_required_tool_ids"": [19, 34]}"
2026-09-02T12:23:08.529-04:00,parisa,task_aware,step_started,keyboard,r1_bearing_left,Row 1.3: bearing into left stand,ready,4,1,,,,,,,,,,,,,"{""acquired_tool_ids"": [], ""acquisition_complete"": false, ""completed_steps"": [""r1_gear_rod"", ""r2_gear_rod"", ""r1_bearing_right""], ""head_rotation_deg"": null, ""head_translation_m"": null, ""removed_tool_ids"": [14, 15, 19, 26, 27, 28], ""selected_step"": ""r1_bearing_left"", ""step_attempt"": 4, ""step_elapsed_s"": 6.867502816021442e-05, ""step_event_index"": 1, ""trial_finished_elapsed_s"": null, ""trial_recording"": true, ""trial_required_tool_ids"": [18]}"
2026-09-02T12:23:21.135-04:00,parisa,task_aware,vlm_interaction,language,r1_bearing_left,Row 1.3: bearing into left stand,ready,4,2,,,,,,,,WHAT PARTS DO I need,AMBIGUOUS,"{""intent"":""part_reference"",""part_action"":""reference"",""reference_relation"":""direct"",""step_scope"":""selected_step"",""target"":""AMBIGUOUS"",""candidates"":[""BEARING_ROW1_LEFT"",""STAND_ROW1_LEFT""],""exclude_labels"":[]}",selected_step_needs_highlight,I identified and highlighted the parts.,"{""acquired_tool_ids"": [], ""acquisition_complete"": false, ""completed_steps"": [""r1_gear_rod"", ""r2_gear_rod"", ""r1_bearing_right""], ""head_rotation_deg"": null, ""head_translation_m"": null, ""removed_tool_ids"": [14, 15, 19, 26, 27, 28], ""selected_step"": ""r1_bearing_left"", ""step_attempt"": 4, ""step_elapsed_s"": 12.606037440011278, ""step_event_index"": 2, ""trial_finished_elapsed_s"": null, ""trial_recording"": true, ""trial_required_tool_ids"": [18]}"
2026-09-02T12:23:33.508-04:00,parisa,task_aware,vlm_interaction,language,r1_bearing_left,Row 1.3: bearing into left stand,ready,4,3,,,,,,,,give me bearing,BEARING_ROW1,"{""intent"":""part_reference"",""part_action"":""fetch"",""reference_relation"":""same_as_previous"",""step_scope"":""selected_step"",""target"":""BEARING_ROW1_LEFT"",""candidates"":[],""exclude_labels"":[]}",language_grounded,I identified and highlighted the Row 1 bearings.,"{""acquired_tool_ids"": [], ""acquisition_complete"": false, ""completed_steps"": [""r1_gear_rod"", ""r2_gear_rod"", ""r1_bearing_right""], ""head_rotation_deg"": null, ""head_translation_m"": null, ""removed_tool_ids"": [14, 15, 19, 26, 27, 28], ""selected_step"": ""r1_bearing_left"", ""step_attempt"": 4, ""step_elapsed_s"": 24.978532717039343, ""step_event_index"": 3, ""trial_finished_elapsed_s"": null, ""trial_recording"": true, ""trial_required_tool_ids"": [18]}"
2026-09-02T12:23:48.034-04:00,parisa,task_aware,vlm_interaction,language,r1_bearing_left,Row 1.3: bearing into left stand,ready,4,4,,,,,,,,give me bearing,BEARING_ROW1,"{""intent"":""part_reference"",""part_action"":""fetch"",""reference_relation"":""same_as_previous"",""step_scope"":"""",""target"":""BEARING_ROW1_LEFT"",""candidates"":[],""exclude_labels"":[]}",language_grounded,I identified and highlighted the Row 1 bearings.,"{""acquired_tool_ids"": [], ""acquisition_complete"": false, ""completed_steps"": [""r1_gear_rod"", ""r2_gear_rod"", ""r1_bearing_right""], ""head_rotation_deg"": null, ""head_translation_m"": null, ""removed_tool_ids"": [14, 15, 19, 26, 27, 28], ""selected_step"": ""r1_bearing_left"", ""step_attempt"": 4, ""step_elapsed_s"": 39.50446250400273, ""step_event_index"": 4, ""trial_finished_elapsed_s"": null, ""trial_recording"": true, ""trial_required_tool_ids"": [18]}"
2026-09-02T12:23:59.889-04:00,parisa,task_aware,vlm_interaction,language,r1_bearing_left,Row 1.3: bearing into left stand,ready,4,5,,,,,,,,give me the stand,STAND_ROW1_LEFT,"{""intent"":""part_reference"",""part_action"":""fetch"",""reference_relation"":""same_as_previous"",""step_scope"":"""",""target"":""STAND_ROW1_LEFT"",""candidates"":[],""exclude_labels"":[]}",language_grounded,I identified and highlighted the Row 1 left stand.,"{""acquired_tool_ids"": [], ""acquisition_complete"": false, ""completed_steps"": [""r1_gear_rod"", ""r2_gear_rod"", ""r1_bearing_right""], ""head_rotation_deg"": null, ""head_translation_m"": null, ""removed_tool_ids"": [14, 15, 19, 26, 27, 28], ""selected_step"": ""r1_bearing_left"", ""step_attempt"": 4, ""step_elapsed_s"": 51.35960678901756, ""step_event_index"": 5, ""trial_finished_elapsed_s"": null, ""trial_recording"": true, ""trial_required_tool_ids"": [18]}"
2026-09-02T12:23:59.923-04:00,parisa,task_aware,part_selection,language,r1_bearing_left,Row 1.3: bearing into left stand,ready,4,6,18,GEAR_STAND_ROW1_LEFT,51.394144,51.394144,,,1,,,,,,"{""acquired_tool_ids"": [18], ""acquisition_complete"": false, ""completed_steps"": [""r1_gear_rod"", ""r2_gear_rod"", ""r1_bearing_right""], ""head_rotation_deg"": null, ""head_translation_m"": null, ""removed_tool_ids"": [14, 15, 19, 26, 27, 28], ""selected_step"": ""r1_bearing_left"", ""step_attempt"": 4, ""step_elapsed_s"": 51.39420214103302, ""step_event_index"": 6, ""trial_finished_elapsed_s"": null, ""trial_recording"": true, ""trial_required_tool_ids"": [18]}"
2026-09-02T12:23:59.964-04:00,parisa,task_aware,object_acquired,language,r1_bearing_left,Row 1.3: bearing into left stand,ready,4,7,18,GEAR_STAND_ROW1_LEFT,51.394144,51.394144,,,1,,,,,,"{""acquired_tool_ids"": [18], ""acquisition_complete"": false, ""completed_steps"": [""r1_gear_rod"", ""r2_gear_rod"", ""r1_bearing_right""], ""head_rotation_deg"": null, ""head_translation_m"": null, ""removed_tool_ids"": [14, 15, 19, 26, 27, 28], ""selected_step"": ""r1_bearing_left"", ""step_attempt"": 4, ""step_elapsed_s"": 51.43443542398745, ""step_event_index"": 7, ""trial_finished_elapsed_s"": null, ""trial_recording"": true, ""trial_required_tool_ids"": [18]}"
2026-09-02T12:23:59.978-04:00,parisa,task_aware,step_acquisition_complete,language,r1_bearing_left,Row 1.3: bearing into left stand,ready,4,8,,,,51.446454,2.116314,471.577573,,,,,,,"{""acquired_tool_ids"": [18], ""acquisition_complete"": true, ""completed_steps"": [""r1_gear_rod"", ""r2_gear_rod"", ""r1_bearing_right""], ""head_rotation_deg"": 471.5775733888364, ""head_translation_m"": 2.1163135312617705, ""removed_tool_ids"": [14, 15, 18, 19, 26, 27, 28], ""selected_step"": ""r1_bearing_left"", ""step_attempt"": 4, ""step_elapsed_s"": 51.44645351101644, ""step_event_index"": 8, ""trial_finished_elapsed_s"": 51.44645351101644, ""trial_recording"": false, ""trial_required_tool_ids"": [18]}"
2026-09-02T12:23:59.990-04:00,parisa,task_aware,graph_complete,,r1_bearing_left,Row 1.3: bearing into left stand,complete,4,9,,,,,,,,,,,,,"{""acquired_tool_ids"": [18], ""acquisition_complete"": true, ""completed_steps"": [""r1_gear_rod"", ""r2_gear_rod"", ""r1_bearing_right"", ""r1_bearing_left""], ""head_rotation_deg"": 471.5775733888364, ""head_translation_m"": 2.1163135312617705, ""removed_tool_ids"": [14, 15, 18, 19, 26, 27, 28], ""selected_step"": ""r1_bearing_left"", ""step_attempt"": 4, ""step_elapsed_s"": 51.44645351101644, ""step_event_index"": 9, ""trial_finished_elapsed_s"": 51.44645351101644, ""trial_recording"": false, ""trial_required_tool_ids"": [18]}"
2026-09-02T12:24:13.060-04:00,parisa,task_aware,step_started,keyboard,r2_bearing_right,Row 2.1: bearing into right stand,ready,5,1,,,,,,,,,,,,,"{""acquired_tool_ids"": [], ""acquisition_complete"": false, ""completed_steps"": [""r1_gear_rod"", ""r2_gear_rod"", ""r1_bearing_right"", ""r1_bearing_left""], ""head_rotation_deg"": null, ""head_translation_m"": null, ""removed_tool_ids"": [14, 15, 18, 19, 26, 27, 28], ""selected_step"": ""r2_bearing_right"", ""step_attempt"": 5, ""step_elapsed_s"": 0.00016538798809051514, ""step_event_index"": 1, ""trial_finished_elapsed_s"": null, ""trial_recording"": true, ""trial_required_tool_ids"": [21, 34]}"
2026-09-02T12:24:29.118-04:00,parisa,task_aware,vlm_interaction,language,r2_bearing_right,Row 2.1: bearing into right stand,ready,5,2,,,,,,,,what parts dO i NEED,AMBIGUOUS,"{
  ""intent"": ""part_reference"",
  ""part_action"": ""reference"",
  ""reference_relation"": ""direct"",
  ""step_scope"": ""selected_step"",
  ""target"": ""AMBIGUOUS"",
  ""candidates"": [
    ""BEARING_ROW2_RIGHT"",
    ""STAND_ROW2_RIGHT"",
    ""ROW2_KIT""
  ],
  ""exclude_labels"": []
}",selected_step_needs_highlight,I identified and highlighted the parts.,"{""acquired_tool_ids"": [], ""acquisition_complete"": false, ""completed_steps"": [""r1_gear_rod"", ""r2_gear_rod"", ""r1_bearing_right"", ""r1_bearing_left""], ""head_rotation_deg"": null, ""head_translation_m"": null, ""removed_tool_ids"": [14, 15, 18, 19, 26, 27, 28], ""selected_step"": ""r2_bearing_right"", ""step_attempt"": 5, ""step_elapsed_s"": 16.05859229201451, ""step_event_index"": 2, ""trial_finished_elapsed_s"": null, ""trial_recording"": true, ""trial_required_tool_ids"": [21, 34]}"
2026-09-02T12:24:41.611-04:00,parisa,task_aware,vlm_interaction,language,r2_bearing_right,Row 2.1: bearing into right stand,ready,5,3,,,,,,,,GIVE ME THE STAND,STAND_ROW2_RIGHT,"{""intent"":""part_reference"",""part_action"":""fetch"",""reference_relation"":""direct"",""step_scope"":"""",""target"":""STAND_ROW2_RIGHT"",""candidates"":[],""exclude_labels"":[]}",language_grounded,I identified and highlighted the Row 2 right stand.,"{""acquired_tool_ids"": [], ""acquisition_complete"": false, ""completed_steps"": [""r1_gear_rod"", ""r2_gear_rod"", ""r1_bearing_right"", ""r1_bearing_left""], ""head_rotation_deg"": null, ""head_translation_m"": null, ""removed_tool_ids"": [14, 15, 18, 19, 26, 27, 28], ""selected_step"": ""r2_bearing_right"", ""step_attempt"": 5, ""step_elapsed_s"": 28.551504069997463, ""step_event_index"": 3, ""trial_finished_elapsed_s"": null, ""trial_recording"": true, ""trial_required_tool_ids"": [21, 34]}"
2026-09-02T12:24:41.637-04:00,parisa,task_aware,part_selection,language,r2_bearing_right,Row 2.1: bearing into right stand,ready,5,4,21,GEAR_STAND_ROW2_RIGHT,28.577060,28.577060,,,1,,,,,,"{""acquired_tool_ids"": [21], ""acquisition_complete"": false, ""completed_steps"": [""r1_gear_rod"", ""r2_gear_rod"", ""r1_bearing_right"", ""r1_bearing_left""], ""head_rotation_deg"": null, ""head_translation_m"": null, ""removed_tool_ids"": [14, 15, 18, 19, 26, 27, 28], ""selected_step"": ""r2_bearing_right"", ""step_attempt"": 5, ""step_elapsed_s"": 28.577112931001466, ""step_event_index"": 4, ""trial_finished_elapsed_s"": null, ""trial_recording"": true, ""trial_required_tool_ids"": [21, 34]}"
2026-09-02T12:24:41.664-04:00,parisa,task_aware,object_acquired,language,r2_bearing_right,Row 2.1: bearing into right stand,ready,5,5,21,GEAR_STAND_ROW2_RIGHT,28.577060,28.577060,,,1,,,,,,"{""acquired_tool_ids"": [21], ""acquisition_complete"": false, ""completed_steps"": [""r1_gear_rod"", ""r2_gear_rod"", ""r1_bearing_right"", ""r1_bearing_left""], ""head_rotation_deg"": null, ""head_translation_m"": null, ""removed_tool_ids"": [14, 15, 18, 19, 26, 27, 28], ""selected_step"": ""r2_bearing_right"", ""step_attempt"": 5, ""step_elapsed_s"": 28.604270501004066, ""step_event_index"": 5, ""trial_finished_elapsed_s"": null, ""trial_recording"": true, ""trial_required_tool_ids"": [21, 34]}"
2026-09-02T12:24:51.129-04:00,parisa,task_aware,vlm_interaction,language,r2_bearing_right,Row 2.1: bearing into right stand,ready,5,6,,,,,,,,GIVE ME THE OTHER ONE,BEARINGS,"{""intent"":""step_items_request"",""item_scope"":""parts"",""part_action"":""fetch"",""reference_relation"":""alternative_to_previous"",""step_scope"":""selected_step"",""target"":"""",""candidates"":[],""exclude_labels"":[]}",selected_step_physical_cycle,I identified and highlighted the bearing.,"{""acquired_tool_ids"": [21], ""acquisition_complete"": false, ""completed_steps"": [""r1_gear_rod"", ""r2_gear_rod"", ""r1_bearing_right"", ""r1_bearing_left""], ""head_rotation_deg"": null, ""head_translation_m"": null, ""removed_tool_ids"": [14, 15, 18, 19, 26, 27, 28], ""selected_step"": ""r2_bearing_right"", ""step_attempt"": 5, ""step_elapsed_s"": 38.069475645024795, ""step_event_index"": 6, ""trial_finished_elapsed_s"": null, ""trial_recording"": true, ""trial_required_tool_ids"": [21, 34]}"
2026-09-02T12:24:51.169-04:00,parisa,task_aware,part_selection,language,r2_bearing_right,Row 2.1: bearing into right stand,ready,5,7,34,BEARINGS,9.532796,38.109856,,,1,,,,,,"{""acquired_tool_ids"": [21, 34], ""acquisition_complete"": false, ""completed_steps"": [""r1_gear_rod"", ""r2_gear_rod"", ""r1_bearing_right"", ""r1_bearing_left""], ""head_rotation_deg"": null, ""head_translation_m"": null, ""removed_tool_ids"": [14, 15, 18, 19, 26, 27, 28], ""selected_step"": ""r2_bearing_right"", ""step_attempt"": 5, ""step_elapsed_s"": 38.10990093200235, ""step_event_index"": 7, ""trial_finished_elapsed_s"": null, ""trial_recording"": true, ""trial_required_tool_ids"": [21, 34]}"
2026-09-02T12:24:51.199-04:00,parisa,task_aware,object_acquired,language,r2_bearing_right,Row 2.1: bearing into right stand,ready,5,8,34,BEARINGS,9.532796,38.109856,,,1,,,,,,"{""acquired_tool_ids"": [21, 34], ""acquisition_complete"": false, ""completed_steps"": [""r1_gear_rod"", ""r2_gear_rod"", ""r1_bearing_right"", ""r1_bearing_left""], ""head_rotation_deg"": null, ""head_translation_m"": null, ""removed_tool_ids"": [14, 15, 18, 19, 26, 27, 28], ""selected_step"": ""r2_bearing_right"", ""step_attempt"": 5, ""step_elapsed_s"": 38.13998888002243, ""step_event_index"": 8, ""trial_finished_elapsed_s"": null, ""trial_recording"": true, ""trial_required_tool_ids"": [21, 34]}"
2026-09-02T12:24:51.211-04:00,parisa,task_aware,step_acquisition_complete,language,r2_bearing_right,Row 2.1: bearing into right stand,ready,5,9,,,,38.149456,2.144980,404.146517,,,,,,,"{""acquired_tool_ids"": [21, 34], ""acquisition_complete"": true, ""completed_steps"": [""r1_gear_rod"", ""r2_gear_rod"", ""r1_bearing_right"", ""r1_bearing_left""], ""head_rotation_deg"": 404.14651721283764, ""head_translation_m"": 2.1449795818738515, ""removed_tool_ids"": [14, 15, 18, 19, 21, 26, 27, 28], ""selected_step"": ""r2_bearing_right"", ""step_attempt"": 5, ""step_elapsed_s"": 38.149456094019115, ""step_event_index"": 9, ""trial_finished_elapsed_s"": 38.149456094019115, ""trial_recording"": false, ""trial_required_tool_ids"": [21, 34]}"
2026-09-02T12:24:51.228-04:00,parisa,task_aware,graph_complete,,r2_bearing_right,Row 2.1: bearing into right stand,complete,5,10,,,,,,,,,,,,,"{""acquired_tool_ids"": [21, 34], ""acquisition_complete"": true, ""completed_steps"": [""r1_gear_rod"", ""r2_gear_rod"", ""r1_bearing_right"", ""r1_bearing_left"", ""r2_bearing_right""], ""head_rotation_deg"": 404.14651721283764, ""head_translation_m"": 2.1449795818738515, ""removed_tool_ids"": [14, 15, 18, 19, 21, 26, 27, 28], ""selected_step"": ""r2_bearing_right"", ""step_attempt"": 5, ""step_elapsed_s"": 38.149456094019115, ""step_event_index"": 10, ""trial_finished_elapsed_s"": 38.149456094019115, ""trial_recording"": false, ""trial_required_tool_ids"": [21, 34]}"
2026-09-02T12:24:59.948-04:00,parisa,task_aware,step_started,keyboard,r2_bearing_left,Row 2.3: bearing into left stand,ready,6,1,,,,,,,,,,,,,"{""acquired_tool_ids"": [], ""acquisition_complete"": false, ""completed_steps"": [""r1_gear_rod"", ""r2_gear_rod"", ""r1_bearing_right"", ""r1_bearing_left"", ""r2_bearing_right""], ""head_rotation_deg"": null, ""head_translation_m"": null, ""removed_tool_ids"": [14, 15, 18, 19, 21, 26, 27, 28], ""selected_step"": ""r2_bearing_left"", ""step_attempt"": 6, ""step_elapsed_s"": 6.961397593840957e-05, ""step_event_index"": 1, ""trial_finished_elapsed_s"": null, ""trial_recording"": true, ""trial_required_tool_ids"": [20]}"
2026-09-02T12:25:19.991-04:00,parisa,task_aware,vlm_interaction,language,r2_bearing_left,Row 2.3: bearing into left stand,ready,6,2,,,,,,,,WHAT PARTS DO I NEED,AMBIGUOUS,"{
  ""intent"": ""part_reference"",
  ""part_action"": ""reference"",
  ""reference_relation"": ""direct"",
  ""step_scope"": ""selected_step"",
  ""target"": ""AMBIGUOUS"",
  ""candidates"": [
    ""BEARING_ROW2_LEFT"",
    ""STAND_ROW2_LEFT"",
    ""ROW2_KIT""
  ],
  ""exclude_labels"": []
}",selected_step_needs_highlight,I identified and highlighted the parts.,"{""acquired_tool_ids"": [], ""acquisition_complete"": false, ""completed_steps"": [""r1_gear_rod"", ""r2_gear_rod"", ""r1_bearing_right"", ""r1_bearing_left"", ""r2_bearing_right""], ""head_rotation_deg"": null, ""head_translation_m"": null, ""removed_tool_ids"": [14, 15, 18, 19, 21, 26, 27, 28], ""selected_step"": ""r2_bearing_left"", ""step_attempt"": 6, ""step_elapsed_s"": 20.042945275024977, ""step_event_index"": 2, ""trial_finished_elapsed_s"": null, ""trial_recording"": true, ""trial_required_tool_ids"": [20]}"
2026-09-02T12:25:34.366-04:00,parisa,task_aware,vlm_interaction,language,r2_bearing_left,Row 2.3: bearing into left stand,ready,6,3,,,,,,,,GIVE ME THE GEAR STAND,STAND_ROW2_LEFT,"{""intent"":""part_reference"",""part_action"":""fetch"",""reference_relation"":""direct"",""step_scope"":"""",""target"":""STAND_ROW2_LEFT"",""candidates"":[],""exclude_labels"":[]}",language_grounded,I identified and highlighted the Row 2 left stand.,"{""acquired_tool_ids"": [], ""acquisition_complete"": false, ""completed_steps"": [""r1_gear_rod"", ""r2_gear_rod"", ""r1_bearing_right"", ""r1_bearing_left"", ""r2_bearing_right""], ""head_rotation_deg"": null, ""head_translation_m"": null, ""removed_tool_ids"": [14, 15, 18, 19, 21, 26, 27, 28], ""selected_step"": ""r2_bearing_left"", ""step_attempt"": 6, ""step_elapsed_s"": 34.41757721500471, ""step_event_index"": 3, ""trial_finished_elapsed_s"": null, ""trial_recording"": true, ""trial_required_tool_ids"": [20]}"
2026-09-02T12:25:34.420-04:00,parisa,task_aware,part_selection,language,r2_bearing_left,Row 2.3: bearing into left stand,ready,6,4,20,GEAR_STAND_ROW2_LEFT,34.471745,34.471745,,,1,,,,,,"{""acquired_tool_ids"": [20], ""acquisition_complete"": false, ""completed_steps"": [""r1_gear_rod"", ""r2_gear_rod"", ""r1_bearing_right"", ""r1_bearing_left"", ""r2_bearing_right""], ""head_rotation_deg"": null, ""head_translation_m"": null, ""removed_tool_ids"": [14, 15, 18, 19, 21, 26, 27, 28], ""selected_step"": ""r2_bearing_left"", ""step_attempt"": 6, ""step_elapsed_s"": 34.47180154197849, ""step_event_index"": 4, ""trial_finished_elapsed_s"": null, ""trial_recording"": true, ""trial_required_tool_ids"": [20]}"
2026-09-02T12:25:34.462-04:00,parisa,task_aware,object_acquired,language,r2_bearing_left,Row 2.3: bearing into left stand,ready,6,5,20,GEAR_STAND_ROW2_LEFT,34.471745,34.471745,,,1,,,,,,"{""acquired_tool_ids"": [20], ""acquisition_complete"": false, ""completed_steps"": [""r1_gear_rod"", ""r2_gear_rod"", ""r1_bearing_right"", ""r1_bearing_left"", ""r2_bearing_right""], ""head_rotation_deg"": null, ""head_translation_m"": null, ""removed_tool_ids"": [14, 15, 18, 19, 21, 26, 27, 28], ""selected_step"": ""r2_bearing_left"", ""step_attempt"": 6, ""step_elapsed_s"": 34.514004721015226, ""step_event_index"": 5, ""trial_finished_elapsed_s"": null, ""trial_recording"": true, ""trial_required_tool_ids"": [20]}"
2026-09-02T12:25:34.491-04:00,parisa,task_aware,step_acquisition_complete,language,r2_bearing_left,Row 2.3: bearing into left stand,ready,6,6,,,,34.540776,1.228716,310.744667,,,,,,,"{""acquired_tool_ids"": [20], ""acquisition_complete"": true, ""completed_steps"": [""r1_gear_rod"", ""r2_gear_rod"", ""r1_bearing_right"", ""r1_bearing_left"", ""r2_bearing_right""], ""head_rotation_deg"": 310.7446666842091, ""head_translation_m"": 1.2287162179882638, ""removed_tool_ids"": [14, 15, 18, 19, 20, 21, 26, 27, 28], ""selected_step"": ""r2_bearing_left"", ""step_attempt"": 6, ""step_elapsed_s"": 34.540775857982226, ""step_event_index"": 6, ""trial_finished_elapsed_s"": 34.540775857982226, ""trial_recording"": false, ""trial_required_tool_ids"": [20]}"
2026-09-02T12:25:34.511-04:00,parisa,task_aware,graph_complete,,r2_bearing_left,Row 2.3: bearing into left stand,complete,6,7,,,,,,,,,,,,,"{""acquired_tool_ids"": [20], ""acquisition_complete"": true, ""completed_steps"": [""r1_gear_rod"", ""r2_gear_rod"", ""r1_bearing_right"", ""r1_bearing_left"", ""r2_bearing_right"", ""r2_bearing_left""], ""head_rotation_deg"": 310.7446666842091, ""head_translation_m"": 1.2287162179882638, ""removed_tool_ids"": [14, 15, 18, 19, 20, 21, 26, 27, 28], ""selected_step"": ""r2_bearing_left"", ""step_attempt"": 6, ""step_elapsed_s"": 34.540775857982226, ""step_event_index"": 7, ""trial_finished_elapsed_s"": 34.540775857982226, ""trial_recording"": false, ""trial_required_tool_ids"": [20]}"
2026-09-02T12:27:24.081-04:00,parisa,task_aware,step_started,keyboard,r2_fasten_first_stand,Row 2.4: fasten right stand,ready,7,1,,,,,,,,,,,,,"{""acquired_tool_ids"": [], ""acquisition_complete"": false, ""completed_steps"": [""r1_gear_rod"", ""r2_gear_rod"", ""r1_bearing_right"", ""r1_bearing_left"", ""r2_bearing_right"", ""r2_bearing_left""], ""head_rotation_deg"": null, ""head_translation_m"": null, ""removed_tool_ids"": [14, 15, 18, 19, 20, 21, 26, 27, 28], ""selected_step"": ""r2_fasten_first_stand"", ""step_attempt"": 7, ""step_elapsed_s"": 5.8029021602123976e-05, ""step_event_index"": 1, ""trial_finished_elapsed_s"": null, ""trial_recording"": true, ""trial_required_tool_ids"": [7, 35, 37]}"
2026-09-02T12:27:34.976-04:00,parisa,task_aware,vlm_interaction,language,r2_fasten_first_stand,Row 2.4: fasten right stand,ready,7,2,,,,,,,,Give me the interchangeable screwdriver.,BIT_SCREWDRIVER,"{""intent"":""part_reference"",""part_action"":""fetch"",""reference_relation"":""direct"",""step_scope"":"""",""target"":""BIT_SCREWDRIVER"",""candidates"":[],""exclude_labels"":[]}",language_grounded,I identified and highlighted the interchangeable-bit screwdriver.,"{""acquired_tool_ids"": [], ""acquisition_complete"": false, ""completed_steps"": [""r1_gear_rod"", ""r2_gear_rod"", ""r1_bearing_right"", ""r1_bearing_left"", ""r2_bearing_right"", ""r2_bearing_left""], ""head_rotation_deg"": null, ""head_translation_m"": null, ""removed_tool_ids"": [14, 15, 18, 19, 20, 21, 26, 27, 28], ""selected_step"": ""r2_fasten_first_stand"", ""step_attempt"": 7, ""step_elapsed_s"": 10.894604742003139, ""step_event_index"": 2, ""trial_finished_elapsed_s"": null, ""trial_recording"": true, ""trial_required_tool_ids"": [7, 35, 37]}"
2026-09-02T12:27:34.999-04:00,parisa,task_aware,part_selection,language,r2_fasten_first_stand,Row 2.4: fasten right stand,ready,7,3,7,BIT_SCREWDRIVER,10.917858,10.917858,,,1,,,,,,"{""acquired_tool_ids"": [7], ""acquisition_complete"": false, ""completed_steps"": [""r1_gear_rod"", ""r2_gear_rod"", ""r1_bearing_right"", ""r1_bearing_left"", ""r2_bearing_right"", ""r2_bearing_left""], ""head_rotation_deg"": null, ""head_translation_m"": null, ""removed_tool_ids"": [14, 15, 18, 19, 20, 21, 26, 27, 28], ""selected_step"": ""r2_fasten_first_stand"", ""step_attempt"": 7, ""step_elapsed_s"": 10.917903672030661, ""step_event_index"": 3, ""trial_finished_elapsed_s"": null, ""trial_recording"": true, ""trial_required_tool_ids"": [7, 35, 37]}"
2026-09-02T12:27:35.019-04:00,parisa,task_aware,object_acquired,language,r2_fasten_first_stand,Row 2.4: fasten right stand,ready,7,4,7,BIT_SCREWDRIVER,10.917858,10.917858,,,1,,,,,,"{""acquired_tool_ids"": [7], ""acquisition_complete"": false, ""completed_steps"": [""r1_gear_rod"", ""r2_gear_rod"", ""r1_bearing_right"", ""r1_bearing_left"", ""r2_bearing_right"", ""r2_bearing_left""], ""head_rotation_deg"": null, ""head_translation_m"": null, ""removed_tool_ids"": [14, 15, 18, 19, 20, 21, 26, 27, 28], ""selected_step"": ""r2_fasten_first_stand"", ""step_attempt"": 7, ""step_elapsed_s"": 10.937407102028374, ""step_event_index"": 4, ""trial_finished_elapsed_s"": null, ""trial_recording"": true, ""trial_required_tool_ids"": [7, 35, 37]}"
2026-09-02T12:27:56.882-04:00,parisa,task_aware,vlm_interaction,language,r2_fasten_first_stand,Row 2.4: fasten right stand,ready,7,5,,,,,,,,WHAT PARTS DO I NEED,AMBIGUOUS,"{
  ""intent"": ""part_reference"",
  ""part_action"": ""reference"",
  ""reference_relation"": ""direct"",
  ""step_scope"": ""selected_step"",
  ""target"": ""AMBIGUOUS"",
  ""candidates"": [
    ""STAND_ROW2_RIGHT"",
    ""SCREW_ROW2_RIGHT"",
    ""BIT_HOLDER2"",
    ""BIT_SCREWDRIVER""
  ],
  ""exclude_labels"": []
}",selected_step_needs_highlight,I identified and highlighted the parts.,"{""acquired_tool_ids"": [7], ""acquisition_complete"": false, ""completed_steps"": [""r1_gear_rod"", ""r2_gear_rod"", ""r1_bearing_right"", ""r1_bearing_left"", ""r2_bearing_right"", ""r2_bearing_left""], ""head_rotation_deg"": null, ""head_translation_m"": null, ""removed_tool_ids"": [14, 15, 18, 19, 20, 21, 26, 27, 28], ""selected_step"": ""r2_fasten_first_stand"", ""step_attempt"": 7, ""step_elapsed_s"": 32.80095372500364, ""step_event_index"": 5, ""trial_finished_elapsed_s"": null, ""trial_recording"": true, ""trial_required_tool_ids"": [7, 35, 37]}"
2026-09-02T12:28:07.669-04:00,parisa,task_aware,vlm_interaction,language,r2_fasten_first_stand,Row 2.4: fasten right stand,ready,7,6,,,,,,,,GIVE ME THE SCREW,SCREWS,"{""intent"":""part_reference"",""part_action"":""fetch"",""reference_relation"":""alternative_to_previous"",""step_scope"":""selected_step"",""target"":"""",""candidates"":[],""exclude_labels"":[]}",selected_step_physical_cycle,I identified and highlighted the screw.,"{""acquired_tool_ids"": [7], ""acquisition_complete"": false, ""completed_steps"": [""r1_gear_rod"", ""r2_gear_rod"", ""r1_bearing_right"", ""r1_bearing_left"", ""r2_bearing_right"", ""r2_bearing_left""], ""head_rotation_deg"": null, ""head_translation_m"": null, ""removed_tool_ids"": [14, 15, 18, 19, 20, 21, 26, 27, 28], ""selected_step"": ""r2_fasten_first_stand"", ""step_attempt"": 7, ""step_elapsed_s"": 43.588200574042276, ""step_event_index"": 6, ""trial_finished_elapsed_s"": null, ""trial_recording"": true, ""trial_required_tool_ids"": [7, 35, 37]}"
2026-09-02T12:28:07.722-04:00,parisa,task_aware,part_selection,language,r2_fasten_first_stand,Row 2.4: fasten right stand,ready,7,7,35,SCREWS,32.722067,43.639925,,,1,,,,,,"{""acquired_tool_ids"": [7, 35], ""acquisition_complete"": false, ""completed_steps"": [""r1_gear_rod"", ""r2_gear_rod"", ""r1_bearing_right"", ""r1_bearing_left"", ""r2_bearing_right"", ""r2_bearing_left""], ""head_rotation_deg"": null, ""head_translation_m"": null, ""removed_tool_ids"": [14, 15, 18, 19, 20, 21, 26, 27, 28], ""selected_step"": ""r2_fasten_first_stand"", ""step_attempt"": 7, ""step_elapsed_s"": 43.640214648039546, ""step_event_index"": 7, ""trial_finished_elapsed_s"": null, ""trial_recording"": true, ""trial_required_tool_ids"": [7, 35, 37]}"
2026-09-02T12:28:07.757-04:00,parisa,task_aware,object_acquired,language,r2_fasten_first_stand,Row 2.4: fasten right stand,ready,7,8,35,SCREWS,32.722067,43.639925,,,1,,,,,,"{""acquired_tool_ids"": [7, 35], ""acquisition_complete"": false, ""completed_steps"": [""r1_gear_rod"", ""r2_gear_rod"", ""r1_bearing_right"", ""r1_bearing_left"", ""r2_bearing_right"", ""r2_bearing_left""], ""head_rotation_deg"": null, ""head_translation_m"": null, ""removed_tool_ids"": [14, 15, 18, 19, 20, 21, 26, 27, 28], ""selected_step"": ""r2_fasten_first_stand"", ""step_attempt"": 7, ""step_elapsed_s"": 43.67593639000552, ""step_event_index"": 8, ""trial_finished_elapsed_s"": null, ""trial_recording"": true, ""trial_required_tool_ids"": [7, 35, 37]}"
2026-09-02T12:28:18.829-04:00,parisa,task_aware,vlm_interaction,language,r2_fasten_first_stand,Row 2.4: fasten right stand,ready,7,9,,,,,,,,GIVE ME THE OTHER ONE,BITHOLDER2,"{""intent"":""step_items_request"",""item_scope"":""parts"",""part_action"":""fetch"",""reference_relation"":""alternative_to_previous"",""step_scope"":""selected_step"",""target"":"""",""candidates"":[],""exclude_labels"":[]}",selected_step_physical_cycle,I identified and highlighted the bit holder2.,"{""acquired_tool_ids"": [7, 35], ""acquisition_complete"": false, ""completed_steps"": [""r1_gear_rod"", ""r2_gear_rod"", ""r1_bearing_right"", ""r1_bearing_left"", ""r2_bearing_right"", ""r2_bearing_left""], ""head_rotation_deg"": null, ""head_translation_m"": null, ""removed_tool_ids"": [14, 15, 18, 19, 20, 21, 26, 27, 28], ""selected_step"": ""r2_fasten_first_stand"", ""step_attempt"": 7, ""step_elapsed_s"": 54.74769979802659, ""step_event_index"": 9, ""trial_finished_elapsed_s"": null, ""trial_recording"": true, ""trial_required_tool_ids"": [7, 35, 37]}"
2026-09-02T12:28:18.875-04:00,parisa,task_aware,part_selection,language,r2_fasten_first_stand,Row 2.4: fasten right stand,ready,7,10,37,BITHOLDER2,11.153587,54.793512,,,1,,,,,,"{""acquired_tool_ids"": [7, 35, 37], ""acquisition_complete"": false, ""completed_steps"": [""r1_gear_rod"", ""r2_gear_rod"", ""r1_bearing_right"", ""r1_bearing_left"", ""r2_bearing_right"", ""r2_bearing_left""], ""head_rotation_deg"": null, ""head_translation_m"": null, ""removed_tool_ids"": [14, 15, 18, 19, 20, 21, 26, 27, 28], ""selected_step"": ""r2_fasten_first_stand"", ""step_attempt"": 7, ""step_elapsed_s"": 54.793565575033426, ""step_event_index"": 10, ""trial_finished_elapsed_s"": null, ""trial_recording"": true, ""trial_required_tool_ids"": [7, 35, 37]}"
2026-09-02T12:28:18.912-04:00,parisa,task_aware,object_acquired,language,r2_fasten_first_stand,Row 2.4: fasten right stand,ready,7,11,37,BITHOLDER2,11.153587,54.793512,,,1,,,,,,"{""acquired_tool_ids"": [7, 35, 37], ""acquisition_complete"": false, ""completed_steps"": [""r1_gear_rod"", ""r2_gear_rod"", ""r1_bearing_right"", ""r1_bearing_left"", ""r2_bearing_right"", ""r2_bearing_left""], ""head_rotation_deg"": null, ""head_translation_m"": null, ""removed_tool_ids"": [14, 15, 18, 19, 20, 21, 26, 27, 28], ""selected_step"": ""r2_fasten_first_stand"", ""step_attempt"": 7, ""step_elapsed_s"": 54.830881929025054, ""step_event_index"": 11, ""trial_finished_elapsed_s"": null, ""trial_recording"": true, ""trial_required_tool_ids"": [7, 35, 37]}"
2026-09-02T12:28:18.941-04:00,parisa,task_aware,step_acquisition_complete,language,r2_fasten_first_stand,Row 2.4: fasten right stand,ready,7,12,,,,54.856035,2.306545,422.699398,,,,,,,"{""acquired_tool_ids"": [7, 35, 37], ""acquisition_complete"": true, ""completed_steps"": [""r1_gear_rod"", ""r2_gear_rod"", ""r1_bearing_right"", ""r1_bearing_left"", ""r2_bearing_right"", ""r2_bearing_left""], ""head_rotation_deg"": 422.69939778945263, ""head_translation_m"": 2.306544731540161, ""removed_tool_ids"": [14, 15, 18, 19, 20, 21, 26, 27, 28], ""selected_step"": ""r2_fasten_first_stand"", ""step_attempt"": 7, ""step_elapsed_s"": 54.85603487101616, ""step_event_index"": 12, ""trial_finished_elapsed_s"": 54.85603487101616, ""trial_recording"": false, ""trial_required_tool_ids"": [7, 35, 37]}"
2026-09-02T12:28:18.953-04:00,parisa,task_aware,graph_complete,,r2_fasten_first_stand,Row 2.4: fasten right stand,complete,7,13,,,,,,,,,,,,,"{""acquired_tool_ids"": [7, 35, 37], ""acquisition_complete"": true, ""completed_steps"": [""r1_gear_rod"", ""r2_gear_rod"", ""r1_bearing_right"", ""r1_bearing_left"", ""r2_bearing_right"", ""r2_bearing_left"", ""r2_fasten_first_stand"", ""r2_insert_rod_and_fit_second"", ""r2_fasten_second_stand""], ""head_rotation_deg"": 422.69939778945263, ""head_translation_m"": 2.306544731540161, ""removed_tool_ids"": [14, 15, 18, 19, 20, 21, 26, 27, 28], ""selected_step"": ""r2_fasten_first_stand"", ""step_attempt"": 7, ""step_elapsed_s"": 54.85603487101616, ""step_event_index"": 13, ""trial_finished_elapsed_s"": 54.85603487101616, ""trial_recording"": false, ""trial_required_tool_ids"": [7, 35, 37]}"
