run_timestamp,model_alias,model_id,index,description,referring_type,traits_used,target_name,prediction,correct,invalid_output,strict_correct,raw_model_answer,inference_seconds,error
2026-08-22T22:36:03,gemma4-e4b,google/gemma-4-E4B-it,1,the gearbox mounting plate,technical_name,technical_name,BASE_BOARD,BASE_BOARD,True,False,True,BASE_BOARD,1.3423,
2026-08-22T22:36:03,gemma4-e4b,google/gemma-4-E4B-it,2,the large flat black rectangular plate,shape,size|color|shape,BASE_BOARD,BASE_BOARD,True,False,True,BASE_BOARD,0.9757,
2026-08-22T22:36:03,gemma4-e4b,google/gemma-4-E4B-it,3,the base plate underneath all four colored rows,spatial,spatial,BASE_BOARD,BASE_BOARD,True,False,True,BASE_BOARD,0.9726,
2026-08-22T22:36:03,gemma4-e4b,google/gemma-4-E4B-it,4,the plate to which all eight bearing support brackets are screwed,relationship,relationship|function,BASE_BOARD,BASE_BOARD,True,False,True,BASE_BOARD,0.9728,
2026-08-22T22:36:03,gemma4-e4b,google/gemma-4-E4B-it,5,the large black rectangular mounting plate below every gear shaft and stand,mixed,size|color|shape|spatial|relationship,BASE_BOARD,BASE_BOARD,True,False,True,BASE_BOARD,0.9749,
2026-08-22T22:36:03,gemma4-e4b,google/gemma-4-E4B-it,6,the rigid plate that supports and locates every gearbox row,function,function|relationship,BASE_BOARD,BASE_BOARD,True,False,True,BASE_BOARD,0.9748,
2026-08-22T22:36:03,gemma4-e4b,google/gemma-4-E4B-it,7,"the broad black rectangular base beneath the white, red, green, and blue mechanisms",mixed,size|color|shape|spatial,BASE_BOARD,BASE_BOARD,True,False,True,BASE_BOARD,0.9787,
2026-08-22T22:36:03,gemma4-e4b,google/gemma-4-E4B-it,8,black baseboard,mixed,color|technical_name,BASE_BOARD,BASE_BOARD,True,False,True,BASE_BOARD,0.9775,
2026-08-22T22:36:03,gemma4-e4b,google/gemma-4-E4B-it,9,gearbox base,technical_name,technical_name,BASE_BOARD,BASE_BOARD,True,False,True,BASE_BOARD,0.9768,
2026-08-22T22:36:03,gemma4-e4b,google/gemma-4-E4B-it,10,mounting plate,technical_name,technical_name,BASE_BOARD,BASE_BOARD,True,False,True,BASE_BOARD,0.9768,
2026-08-22T22:36:03,gemma4-e4b,google/gemma-4-E4B-it,11,the radial shaft-support bearing,technical_name,technical_name,BEARING,BEARING,True,False,True,BEARING,0.9603,
2026-08-22T22:36:03,gemma4-e4b,google/gemma-4-E4B-it,12,the small black circular ring with a center hole,shape,size|color|shape,BEARING,BEARING,True,False,True,BEARING,1.0096,
2026-08-22T22:36:03,gemma4-e4b,google/gemma-4-E4B-it,13,the round black part centered inside a bearing support bracket,spatial,color|shape|spatial,BEARING,BEARING,True,False,True,BEARING,0.9485,
2026-08-22T22:36:03,gemma4-e4b,google/gemma-4-E4B-it,14,the bearing through which a gear shaft passes,relationship,relationship|function,BEARING,BEARING,True,False,True,BEARING,0.9461,
2026-08-22T22:36:03,gemma4-e4b,google/gemma-4-E4B-it,15,the small black ring-shaped bearing that fits into each colored stand,mixed,size|color|shape|relationship,BEARING,BEARING,True,False,True,BEARING,0.9456,
2026-08-22T22:36:03,gemma4-e4b,google/gemma-4-E4B-it,16,the black bearing that supports a rotating gear shaft inside a stand,function,color|function|relationship,BEARING,BEARING,True,False,True,BEARING,0.9474,
2026-08-22T22:36:03,gemma4-e4b,google/gemma-4-E4B-it,17,the small black ring seated in the round opening of a colored support bracket,mixed,size|color|shape|spatial|relationship,BEARING,BEARING,True,False,True,BEARING,0.9465,
2026-08-22T22:36:03,gemma4-e4b,google/gemma-4-E4B-it,18,black bearing,mixed,color|technical_name,BEARING,BEARING,True,False,True,BEARING,0.9482,
2026-08-22T22:36:03,gemma4-e4b,google/gemma-4-E4B-it,19,circular bearing,mixed,shape|technical_name,BEARING,BEARING,True,False,True,BEARING,0.9498,
2026-08-22T22:36:03,gemma4-e4b,google/gemma-4-E4B-it,20,gear-stand bearing,relationship,technical_name|relationship,BEARING,BEARING,True,False,True,BEARING,0.9495,
2026-08-22T22:36:03,gemma4-e4b,google/gemma-4-E4B-it,21,the Row 1 hand crank,technical_name,technical_name,CRANK_HANDLE_ROW1,CRANK_HANDLE_ROW1,True,False,True,CRANK_HANDLE_ROW1,1.1204,
2026-08-22T22:36:03,gemma4-e4b,google/gemma-4-E4B-it,22,the white bent lever with a rounded grip,shape,color|shape,CRANK_HANDLE_ROW1,CRANK_HANDLE_ROW1,True,False,True,CRANK_HANDLE_ROW1,1.1098,
2026-08-22T22:36:03,gemma4-e4b,google/gemma-4-E4B-it,23,the handle immediately to the right of the right white gear stand,spatial,color|spatial|relationship,CRANK_HANDLE_ROW1,CRANK_HANDLE_ROW1,True,False,True,CRANK_HANDLE_ROW1,1.1090,
2026-08-22T22:36:03,gemma4-e4b,google/gemma-4-E4B-it,24,the crank attached at the right end of the white gear rod,relationship,color|spatial|relationship,CRANK_HANDLE_ROW1,CRANK_HANDLE_ROW1,True,False,True,CRANK_HANDLE_ROW1,1.1071,
2026-08-22T22:36:03,gemma4-e4b,google/gemma-4-E4B-it,25,the white handle beside the right stand in circle-marked Row 1,mixed,color|spatial|relationship,CRANK_HANDLE_ROW1,CRANK_HANDLE_ROW1,True,False,True,CRANK_HANDLE_ROW1,1.1078,
2026-08-22T22:36:03,gemma4-e4b,google/gemma-4-E4B-it,26,the hand-operated lever used to rotate the assembled gear train,function,function|relationship,CRANK_HANDLE_ROW1,CRANK_HANDLE_ROW1,True,False,True,CRANK_HANDLE_ROW1,1.1072,
2026-08-22T22:36:03,gemma4-e4b,google/gemma-4-E4B-it,27,the bent white crank connected to the end of the Row 1 shaft,mixed,color|shape|spatial|relationship,CRANK_HANDLE_ROW1,CRANK_HANDLE_ROW1,True,False,True,CRANK_HANDLE_ROW1,1.1101,
2026-08-22T22:36:03,gemma4-e4b,google/gemma-4-E4B-it,28,white handle,mixed,color|technical_name,CRANK_HANDLE_ROW1,CRANK_HANDLE_ROW1,True,False,True,CRANK_HANDLE_ROW1,1.1099,
2026-08-22T22:36:03,gemma4-e4b,google/gemma-4-E4B-it,29,Row 1 crank,mixed,spatial|technical_name,CRANK_HANDLE_ROW1,CRANK_HANDLE_ROW1,True,False,True,CRANK_HANDLE_ROW1,1.1092,
2026-08-22T22:36:03,gemma4-e4b,google/gemma-4-E4B-it,30,right-side crank,mixed,spatial|technical_name,CRANK_HANDLE_ROW1,CRANK_HANDLE_ROW1,True,False,True,CRANK_HANDLE_ROW1,1.1084,
2026-08-22T22:36:03,gemma4-e4b,google/gemma-4-E4B-it,31,the Row 1 gear shaft,technical_name,technical_name,GEAR_ROD_ROW1,GEAR_ROD_ROW1,True,False,True,GEAR_ROD_ROW1,1.1592,
2026-08-22T22:36:03,gemma4-e4b,google/gemma-4-E4B-it,32,the long white cylindrical shaft with two pin holes,shape,size|color|shape,GEAR_ROD_ROW1,GEAR_ROD_ROW1,True,False,True,GEAR_ROD_ROW1,1.1450,
2026-08-22T22:36:03,gemma4-e4b,google/gemma-4-E4B-it,33,the shaft crossing Row 1 between the two white brackets,spatial,color|spatial|relationship,GEAR_ROD_ROW1,GEAR_ROD_ROW1,True,False,True,GEAR_ROD_ROW1,1.1398,
2026-08-22T22:36:03,gemma4-e4b,google/gemma-4-E4B-it,34,the shaft that passes through both Row 1 bearings and carries one large gear,relationship,relationship|function,GEAR_ROD_ROW1,GEAR_ROD_ROW1,True,False,True,GEAR_ROD_ROW1,1.1285,
2026-08-22T22:36:03,gemma4-e4b,google/gemma-4-E4B-it,35,the long white circle-row gear shaft seated in both bearing brackets,mixed,size|color|shape|relationship,GEAR_ROD_ROW1,GEAR_ROD_ROW1,True,False,True,GEAR_ROD_ROW1,1.1404,
2026-08-22T22:36:03,gemma4-e4b,google/gemma-4-E4B-it,36,the Row 1 shaft that carries one large gear and transfers rotation between the two stands,function,function|relationship,GEAR_ROD_ROW1,GEAR_ROD_ROW1,True,False,True,GEAR_ROD_ROW1,1.1455,
2026-08-22T22:36:03,gemma4-e4b,google/gemma-4-E4B-it,37,the long white cylindrical rod with two retaining-pin holes spanning Row 1,mixed,size|color|shape|spatial,GEAR_ROD_ROW1,GEAR_ROD_ROW1,True,False,True,GEAR_ROD_ROW1,1.1288,
2026-08-22T22:36:03,gemma4-e4b,google/gemma-4-E4B-it,38,white gear rod,mixed,color|technical_name,GEAR_ROD_ROW1,GEAR_ROD_ROW1,True,False,True,GEAR_ROD_ROW1,1.1429,
2026-08-22T22:36:03,gemma4-e4b,google/gemma-4-E4B-it,39,Row 1 shaft,mixed,spatial|technical_name,GEAR_ROD_ROW1,GEAR_ROD_ROW1,True,False,True,GEAR_ROD_ROW1,1.1420,
2026-08-22T22:36:03,gemma4-e4b,google/gemma-4-E4B-it,40,gear rod of Row 1,mixed,spatial|technical_name,GEAR_ROD_ROW1,GEAR_ROD_ROW1,True,False,True,GEAR_ROD_ROW1,1.1444,
2026-08-22T22:36:03,gemma4-e4b,google/gemma-4-E4B-it,41,white gear rod in the circle row,mixed,color|shape|spatial|technical_name,GEAR_ROD_ROW1,GEAR_ROD_ROW1,True,False,True,GEAR_ROD_ROW1,1.1326,
2026-08-22T22:36:03,gemma4-e4b,google/gemma-4-E4B-it,42,circle-row white shaft,mixed,color|shape|spatial|technical_name,GEAR_ROD_ROW1,GEAR_ROD_ROW1,True,False,True,GEAR_ROD_ROW1,1.1489,
2026-08-22T22:36:03,gemma4-e4b,google/gemma-4-E4B-it,43,the Row 1 left gear stand,technical_name,technical_name,STAND_ROW1_LEFT,STAND_ROW1_LEFT,True,False,True,STAND_ROW1_LEFT,1.0676,
2026-08-22T22:36:03,gemma4-e4b,google/gemma-4-E4B-it,44,the upright white left stand with a circular bearing opening,shape,color|shape|spatial,STAND_ROW1_LEFT,STAND_ROW1_LEFT,True,False,True,STAND_ROW1_LEFT,1.0878,
2026-08-22T22:36:03,gemma4-e4b,google/gemma-4-E4B-it,45,the left bearing support bracket in Row 1,spatial,spatial,STAND_ROW1_LEFT,STAND_ROW1_LEFT,True,False,True,STAND_ROW1_LEFT,1.0808,
2026-08-22T22:36:03,gemma4-e4b,google/gemma-4-E4B-it,46,"the Row 1 support bracket where the left bearing fits, next to the large left gear",relationship,spatial|relationship,STAND_ROW1_LEFT,STAND_ROW1_LEFT,True,False,True,STAND_ROW1_LEFT,1.0857,
2026-08-22T22:36:03,gemma4-e4b,google/gemma-4-E4B-it,47,the white circle-row left gear stand supporting the gear shaft,mixed,color|shape|spatial|relationship|function,STAND_ROW1_LEFT,STAND_ROW1_LEFT,True,False,True,STAND_ROW1_LEFT,1.0839,
2026-08-22T22:36:03,gemma4-e4b,google/gemma-4-E4B-it,48,the left Row 1 support that holds a bearing and supports the gear shaft,function,spatial|function|relationship,STAND_ROW1_LEFT,STAND_ROW1_LEFT,True,False,True,STAND_ROW1_LEFT,1.0702,
2026-08-22T22:36:03,gemma4-e4b,google/gemma-4-E4B-it,49,"the upright white bearing bracket on the left, beside the large left gear in the circle-marked row",mixed,color|shape|spatial|relationship,STAND_ROW1_LEFT,STAND_ROW1_LEFT,True,False,True,STAND_ROW1_LEFT,1.0874,
2026-08-22T22:36:03,gemma4-e4b,google/gemma-4-E4B-it,50,white left stand,mixed,color|spatial|technical_name,STAND_ROW1_LEFT,STAND_ROW1_LEFT,True,False,True,STAND_ROW1_LEFT,1.0848,
2026-08-22T22:36:03,gemma4-e4b,google/gemma-4-E4B-it,51,Row 1 left bracket,mixed,spatial|technical_name,STAND_ROW1_LEFT,STAND_ROW1_LEFT,True,False,True,STAND_ROW1_LEFT,1.0872,
2026-08-22T22:36:03,gemma4-e4b,google/gemma-4-E4B-it,52,left gear stand of Row 1,mixed,spatial|technical_name,STAND_ROW1_LEFT,STAND_ROW1_LEFT,True,False,True,STAND_ROW1_LEFT,1.0741,
2026-08-22T22:36:03,gemma4-e4b,google/gemma-4-E4B-it,53,white left gear stand in the circle row,mixed,color|shape|spatial|technical_name,STAND_ROW1_LEFT,GEAR_ROW1_LEFT,False,False,False,GEAR_ROW1_LEFT,1.1143,
2026-08-22T22:36:03,gemma4-e4b,google/gemma-4-E4B-it,54,left bracket of the white circle row,mixed,color|shape|spatial|technical_name,STAND_ROW1_LEFT,GEAR_ROW1_LEFT,False,False,False,GEAR_ROW1_LEFT,1.1035,
2026-08-22T22:36:03,gemma4-e4b,google/gemma-4-E4B-it,55,the Row 1 right gear stand,technical_name,technical_name|spatial,STAND_ROW1_RIGHT,STAND_ROW1_RIGHT,True,False,True,STAND_ROW1_RIGHT,1.0716,
2026-08-22T22:36:03,gemma4-e4b,google/gemma-4-E4B-it,56,the upright white stand with an overlapping bearing slot and through-hole,shape,color|shape,STAND_ROW1_RIGHT,STAND_ROW1_RIGHT,True,False,True,STAND_ROW1_RIGHT,1.0845,
2026-08-22T22:36:03,gemma4-e4b,google/gemma-4-E4B-it,57,the right-hand support in circle-marked Row 1,spatial,spatial,STAND_ROW1_RIGHT,STAND_ROW1_RIGHT,True,False,True,STAND_ROW1_RIGHT,1.0843,
2026-08-22T22:36:03,gemma4-e4b,google/gemma-4-E4B-it,58,the stand immediately to the left of the crank handle,relationship,spatial|relationship,STAND_ROW1_RIGHT,STAND_ROW1_LEFT,False,False,False,STAND_ROW1_LEFT,1.0830,
2026-08-22T22:36:03,gemma4-e4b,google/gemma-4-E4B-it,59,the white right bearing bracket whose bearing recess overlaps a hole through the stand,mixed,color|shape|spatial|relationship,STAND_ROW1_RIGHT,STAND_ROW1_RIGHT,True,False,True,STAND_ROW1_RIGHT,1.0861,
2026-08-22T22:36:03,gemma4-e4b,google/gemma-4-E4B-it,60,the right Row 1 support that holds the bearing and guides the gear shaft,function,spatial|function|relationship,STAND_ROW1_RIGHT,STAND_ROW1_RIGHT,True,False,True,STAND_ROW1_RIGHT,1.0700,
2026-08-22T22:36:03,gemma4-e4b,google/gemma-4-E4B-it,61,the white crank-side gear stand with both a bearing slot and a penetrating hole,mixed,color|shape|spatial|relationship,STAND_ROW1_RIGHT,STAND_ROW1_RIGHT,True,False,True,STAND_ROW1_RIGHT,1.0891,
2026-08-22T22:36:03,gemma4-e4b,google/gemma-4-E4B-it,62,white right stand,mixed,color|spatial|technical_name,STAND_ROW1_RIGHT,STAND_ROW1_RIGHT,True,False,True,STAND_ROW1_RIGHT,1.0898,
2026-08-22T22:36:03,gemma4-e4b,google/gemma-4-E4B-it,63,Row 1 right bracket,mixed,spatial|technical_name,STAND_ROW1_RIGHT,STAND_ROW1_RIGHT,True,False,True,STAND_ROW1_RIGHT,1.0869,
2026-08-22T22:36:03,gemma4-e4b,google/gemma-4-E4B-it,64,right gear stand of Row 1,mixed,spatial|technical_name,STAND_ROW1_RIGHT,STAND_ROW1_RIGHT,True,False,True,STAND_ROW1_RIGHT,1.0730,
2026-08-22T22:36:03,gemma4-e4b,google/gemma-4-E4B-it,65,white right gear stand in the circle row,mixed,color|shape|spatial|technical_name,STAND_ROW1_RIGHT,STAND_ROW1_RIGHT,True,False,True,STAND_ROW1_RIGHT,1.0852,
2026-08-22T22:36:03,gemma4-e4b,google/gemma-4-E4B-it,66,right bracket of the white circle row,mixed,color|shape|spatial|technical_name,STAND_ROW1_RIGHT,INVALID_OUTPUT,False,True,False,GEAR_ROW1_RIGHT,1.1036,
2026-08-22T22:36:03,gemma4-e4b,google/gemma-4-E4B-it,67,the Row 1 left spur gear,technical_name,technical_name,GEAR_ROW1_LEFT,GEAR_ROW1_LEFT,True,False,True,GEAR_ROW1_LEFT,1.1037,
2026-08-22T22:36:03,gemma4-e4b,google/gemma-4-E4B-it,68,the large white spur wheel,size,size|color|shape,GEAR_ROW1_LEFT,GEAR_ROW1_LEFT,True,False,True,GEAR_ROW1_LEFT,1.1181,
2026-08-22T22:36:03,gemma4-e4b,google/gemma-4-E4B-it,69,the left-side gear on the shaft in Row 1,spatial,spatial|relationship,GEAR_ROW1_LEFT,GEAR_ROW1_LEFT,True,False,True,GEAR_ROW1_LEFT,1.1167,
2026-08-22T22:36:03,gemma4-e4b,google/gemma-4-E4B-it,70,"the Row 1 gear next to the left white bracket, the only gear in Row 1",relationship,color|spatial|size|relationship,GEAR_ROW1_LEFT,GEAR_ROW1_LEFT,True,False,True,GEAR_ROW1_LEFT,1.1217,
2026-08-22T22:36:03,gemma4-e4b,google/gemma-4-E4B-it,71,the large white spur gear on the left side of the circle-marked shaft,mixed,size|color|shape|spatial,GEAR_ROW1_LEFT,GEAR_ROW1_LEFT,True,False,True,GEAR_ROW1_LEFT,1.1130,
2026-08-22T22:36:03,gemma4-e4b,google/gemma-4-E4B-it,72,the Row 1 spur gear that transmits rotation along the gear train,function,technical_name|function|relationship,GEAR_ROW1_LEFT,GEAR_ROW1_LEFT,True,False,True,GEAR_ROW1_LEFT,1.1246,
2026-08-22T22:36:03,gemma4-e4b,google/gemma-4-E4B-it,73,"the large white toothed wheel on the left side, beside the gear shaft",mixed,size|color|shape|spatial|relationship,GEAR_ROW1_LEFT,GEAR_ROW1_LEFT,True,False,True,GEAR_ROW1_LEFT,1.1024,
2026-08-22T22:36:03,gemma4-e4b,google/gemma-4-E4B-it,74,gear of Row 1,mixed,spatial|technical_name,GEAR_ROW1_LEFT,GEAR_ROW1_LEFT,True,False,True,GEAR_ROW1_LEFT,1.1197,
2026-08-22T22:36:03,gemma4-e4b,google/gemma-4-E4B-it,75,white gear,mixed,color|technical_name,GEAR_ROW1_LEFT,GEAR_ROW1_LEFT,True,False,True,GEAR_ROW1_LEFT,1.1186,
2026-08-22T22:36:03,gemma4-e4b,google/gemma-4-E4B-it,76,Row 1 gear,mixed,spatial|technical_name,GEAR_ROW1_LEFT,GEAR_ROW1_LEFT,True,False,True,GEAR_ROW1_LEFT,1.1192,
2026-08-22T22:36:03,gemma4-e4b,google/gemma-4-E4B-it,77,white gear in the circle row,mixed,color|shape|spatial|technical_name,GEAR_ROW1_LEFT,GEAR_ROW1_LEFT,True,False,True,GEAR_ROW1_LEFT,1.1193,
2026-08-22T22:36:03,gemma4-e4b,google/gemma-4-E4B-it,78,circle-row white gear,mixed,color|shape|spatial|technical_name,GEAR_ROW1_LEFT,GEAR_ROW1_LEFT,True,False,True,GEAR_ROW1_LEFT,1.1211,
2026-08-22T22:36:03,gemma4-e4b,google/gemma-4-E4B-it,79,a Row 1 H5 hex-socket mounting screw,technical_name,technical_name,SCREW_ROW1,SCREW_ROW1,True,False,True,SCREW_ROW1,1.0551,
2026-08-22T22:36:03,gemma4-e4b,google/gemma-4-E4B-it,80,a small silver screw with a recessed H5 hex-socket head,color,size|color|shape|technical_name,SCREW_ROW1,SCREW_ROW1,True,False,True,SCREW_ROW1,1.0545,
2026-08-22T22:36:03,gemma4-e4b,google/gemma-4-E4B-it,81,a screw at the base of a Row 1 gear stand,spatial,spatial|relationship,SCREW_ROW1,SCREW_ROW1,True,False,True,SCREW_ROW1,1.0652,
2026-08-22T22:36:03,gemma4-e4b,google/gemma-4-E4B-it,82,a fastener used to secure a Row 1 bearing stand to the baseboard,relationship,relationship|function,SCREW_ROW1,SCREW_ROW1,True,False,True,SCREW_ROW1,1.0474,
2026-08-22T22:36:03,gemma4-e4b,google/gemma-4-E4B-it,83,the silver H5 hex-socket screw for the white Row 1 stand,mixed,color|spatial|technical_name|relationship,SCREW_ROW1,SCREW_ROW1,True,False,True,SCREW_ROW1,1.0411,
2026-08-22T22:36:03,gemma4-e4b,google/gemma-4-E4B-it,84,the Row 1 fastener tightened with a 5 mm hex key,function,technical_name|function,SCREW_ROW1,SCREW_ROW1,True,False,True,SCREW_ROW1,1.0561,
2026-08-22T22:36:03,gemma4-e4b,google/gemma-4-E4B-it,85,the small silver screw located at the foot of a white support bracket,mixed,size|color|shape|spatial|relationship,SCREW_ROW1,SCREW_ROW1,True,False,True,SCREW_ROW1,1.0557,
2026-08-22T22:36:03,gemma4-e4b,google/gemma-4-E4B-it,86,Row 1 screw,mixed,spatial|technical_name,SCREW_ROW1,SCREW_ROW1,True,False,True,SCREW_ROW1,1.0561,
2026-08-22T22:36:03,gemma4-e4b,google/gemma-4-E4B-it,87,H5 screw,technical_name,technical_name,SCREW_ROW1,SCREW_ROW1,True,False,True,SCREW_ROW1,1.0568,
2026-08-22T22:36:03,gemma4-e4b,google/gemma-4-E4B-it,88,the Row 2 gear shaft,technical_name,technical_name,GEAR_ROD_ROW2,GEAR_ROD_ROW2,True,False,True,GEAR_ROD_ROW2,1.1494,
2026-08-22T22:36:03,gemma4-e4b,google/gemma-4-E4B-it,89,the long red cylindrical shaft with two pin holes,shape,size|color|shape,GEAR_ROD_ROW2,GEAR_ROD_ROW2,True,False,True,GEAR_ROD_ROW2,1.1484,
2026-08-22T22:36:03,gemma4-e4b,google/gemma-4-E4B-it,90,the shaft crossing Row 2 between the two red brackets,spatial,color|spatial|relationship,GEAR_ROD_ROW2,GEAR_ROD_ROW2,True,False,True,GEAR_ROD_ROW2,1.1503,
2026-08-22T22:36:03,gemma4-e4b,google/gemma-4-E4B-it,91,the shaft that passes through both Row 2 bearings and carries the small and medium gears,relationship,relationship|function,GEAR_ROD_ROW2,GEAR_ROD_ROW2,True,False,True,GEAR_ROD_ROW2,1.1641,
2026-08-22T22:36:03,gemma4-e4b,google/gemma-4-E4B-it,92,the long red triangle-row gear shaft seated in both bearing brackets,mixed,size|color|shape|relationship,GEAR_ROD_ROW2,GEAR_ROD_ROW2,True,False,True,GEAR_ROD_ROW2,1.2003,
2026-08-22T22:36:03,gemma4-e4b,google/gemma-4-E4B-it,93,the Row 2 shaft that carries the small and medium gears and transfers rotation between the two stands,function,function|relationship,GEAR_ROD_ROW2,GEAR_ROD_ROW2,True,False,True,GEAR_ROD_ROW2,1.1891,
2026-08-22T22:36:03,gemma4-e4b,google/gemma-4-E4B-it,94,the long red cylindrical rod with two retaining-pin holes spanning the second row from Row 1,mixed,size|color|shape|spatial,GEAR_ROD_ROW2,GEAR_ROD_ROW2,True,False,True,GEAR_ROD_ROW2,1.2230,
2026-08-22T22:36:03,gemma4-e4b,google/gemma-4-E4B-it,95,red gear rod,mixed,color|technical_name,GEAR_ROD_ROW2,GEAR_ROD_ROW2,True,False,True,GEAR_ROD_ROW2,1.2158,
2026-08-22T22:36:03,gemma4-e4b,google/gemma-4-E4B-it,96,Row 2 shaft,mixed,spatial|technical_name,GEAR_ROD_ROW2,GEAR_ROD_ROW2,True,False,True,GEAR_ROD_ROW2,1.2098,
2026-08-22T22:36:03,gemma4-e4b,google/gemma-4-E4B-it,97,gear rod of Row 2,mixed,spatial|technical_name,GEAR_ROD_ROW2,GEAR_ROD_ROW2,True,False,True,GEAR_ROD_ROW2,1.1939,
2026-08-22T22:36:03,gemma4-e4b,google/gemma-4-E4B-it,98,red gear rod in the triangle row,mixed,color|shape|spatial|technical_name,GEAR_ROD_ROW2,GEAR_ROD_ROW2,True,False,True,GEAR_ROD_ROW2,1.1969,
2026-08-22T22:36:03,gemma4-e4b,google/gemma-4-E4B-it,99,triangle-row red shaft,mixed,color|shape|spatial|technical_name,GEAR_ROD_ROW2,GEAR_ROD_ROW2,True,False,True,GEAR_ROD_ROW2,1.1570,
2026-08-22T22:36:03,gemma4-e4b,google/gemma-4-E4B-it,100,the Row 2 left gear stand,technical_name,technical_name,STAND_ROW2_LEFT,STAND_ROW2_LEFT,True,False,True,STAND_ROW2_LEFT,1.0811,
2026-08-22T22:36:03,gemma4-e4b,google/gemma-4-E4B-it,101,the upright red left stand with a circular bearing opening,shape,color|shape|spatial,STAND_ROW2_LEFT,STAND_ROW2_LEFT,True,False,True,STAND_ROW2_LEFT,1.0966,
2026-08-22T22:36:03,gemma4-e4b,google/gemma-4-E4B-it,102,the left bearing support bracket in the second row from Row 1,spatial,spatial,STAND_ROW2_LEFT,BEARING,False,False,False,BEARING_ROW2_LEFT,1.1644,
2026-08-22T22:36:03,gemma4-e4b,google/gemma-4-E4B-it,103,"the Row 2 support bracket where the left bearing fits, next to the small left gear",relationship,spatial|relationship,STAND_ROW2_LEFT,STAND_ROW2_LEFT,True,False,True,STAND_ROW2_LEFT,1.1249,
2026-08-22T22:36:03,gemma4-e4b,google/gemma-4-E4B-it,104,the red triangle-row left gear stand supporting the gear shaft,mixed,color|shape|spatial|relationship|function,STAND_ROW2_LEFT,STAND_ROW2_LEFT,True,False,True,STAND_ROW2_LEFT,1.1704,
2026-08-22T22:36:03,gemma4-e4b,google/gemma-4-E4B-it,105,the left Row 2 support that holds a bearing and supports the gear shaft,function,spatial|function|relationship,STAND_ROW2_LEFT,STAND_ROW2_LEFT,True,False,True,STAND_ROW2_LEFT,1.1204,
2026-08-22T22:36:03,gemma4-e4b,google/gemma-4-E4B-it,106,"the upright red bearing bracket on the left, beside the small left gear in the triangle-marked row",mixed,color|shape|spatial|relationship,STAND_ROW2_LEFT,STAND_ROW2_LEFT,True,False,True,STAND_ROW2_LEFT,1.0993,
2026-08-22T22:36:03,gemma4-e4b,google/gemma-4-E4B-it,107,red left stand,mixed,color|spatial|technical_name,STAND_ROW2_LEFT,STAND_ROW2_LEFT,True,False,True,STAND_ROW2_LEFT,1.0957,
2026-08-22T22:36:03,gemma4-e4b,google/gemma-4-E4B-it,108,Row 2 left bracket,mixed,spatial|technical_name,STAND_ROW2_LEFT,GEAR_ROW2_LEFT,False,False,False,GEAR_ROW2_LEFT,1.1626,
2026-08-22T22:36:03,gemma4-e4b,google/gemma-4-E4B-it,109,left gear stand of Row 2,mixed,spatial|technical_name,STAND_ROW2_LEFT,STAND_ROW2_LEFT,True,False,True,STAND_ROW2_LEFT,1.1133,
2026-08-22T22:36:03,gemma4-e4b,google/gemma-4-E4B-it,110,red left gear stand in the triangle row,mixed,color|shape|spatial|technical_name,STAND_ROW2_LEFT,STAND_ROW2_LEFT,True,False,True,STAND_ROW2_LEFT,1.1414,
2026-08-22T22:36:03,gemma4-e4b,google/gemma-4-E4B-it,111,left bracket of the red triangle row,mixed,color|shape|spatial|technical_name,STAND_ROW2_LEFT,GEAR_ROW2_LEFT,False,False,False,GEAR_ROW2_LEFT,1.1392,
2026-08-22T22:36:03,gemma4-e4b,google/gemma-4-E4B-it,112,the Row 2 right gear stand,technical_name,technical_name,STAND_ROW2_RIGHT,STAND_ROW2_RIGHT,True,False,True,STAND_ROW2_RIGHT,1.1157,
2026-08-22T22:36:03,gemma4-e4b,google/gemma-4-E4B-it,113,the upright red right stand with a circular bearing opening,shape,color|shape|spatial,STAND_ROW2_RIGHT,STAND_ROW2_RIGHT,True,False,True,STAND_ROW2_RIGHT,1.1562,
2026-08-22T22:36:03,gemma4-e4b,google/gemma-4-E4B-it,114,the right bearing support bracket in the second row from Row 1,spatial,spatial,STAND_ROW2_RIGHT,BEARING,False,False,False,BEARING_ROW2_RIGHT,1.1865,
2026-08-22T22:36:03,gemma4-e4b,google/gemma-4-E4B-it,115,"the Row 2 support bracket where the right bearing fits, next to the medium right gear",relationship,spatial|relationship,STAND_ROW2_RIGHT,STAND_ROW2_RIGHT,True,False,True,STAND_ROW2_RIGHT,1.1037,
2026-08-22T22:36:03,gemma4-e4b,google/gemma-4-E4B-it,116,the red triangle-row right gear stand supporting the gear shaft,mixed,color|shape|spatial|relationship|function,STAND_ROW2_RIGHT,STAND_ROW2_RIGHT,True,False,True,STAND_ROW2_RIGHT,1.0952,
2026-08-22T22:36:03,gemma4-e4b,google/gemma-4-E4B-it,117,the right Row 2 support that holds a bearing and supports the gear shaft,function,spatial|function|relationship,STAND_ROW2_RIGHT,STAND_ROW2_RIGHT,True,False,True,STAND_ROW2_RIGHT,1.0800,
2026-08-22T22:36:03,gemma4-e4b,google/gemma-4-E4B-it,118,"the upright red bearing bracket on the right, beside the medium right gear in the triangle-marked row",mixed,color|shape|spatial|relationship,STAND_ROW2_RIGHT,STAND_ROW2_RIGHT,True,False,True,STAND_ROW2_RIGHT,1.0977,
2026-08-22T22:36:03,gemma4-e4b,google/gemma-4-E4B-it,119,red right stand,mixed,color|spatial|technical_name,STAND_ROW2_RIGHT,STAND_ROW2_RIGHT,True,False,True,STAND_ROW2_RIGHT,1.0945,
2026-08-22T22:36:03,gemma4-e4b,google/gemma-4-E4B-it,120,Row 2 right bracket,mixed,spatial|technical_name,STAND_ROW2_RIGHT,GEAR_ROW2_RIGHT,False,False,False,GEAR_ROW2_RIGHT,1.1282,
2026-08-22T22:36:03,gemma4-e4b,google/gemma-4-E4B-it,121,right gear stand of Row 2,mixed,spatial|technical_name,STAND_ROW2_RIGHT,STAND_ROW2_RIGHT,True,False,True,STAND_ROW2_RIGHT,1.0933,
2026-08-22T22:36:03,gemma4-e4b,google/gemma-4-E4B-it,122,red right gear stand in the triangle row,mixed,color|shape|spatial|technical_name,STAND_ROW2_RIGHT,STAND_ROW2_RIGHT,True,False,True,STAND_ROW2_RIGHT,1.0956,
2026-08-22T22:36:03,gemma4-e4b,google/gemma-4-E4B-it,123,right bracket of the red triangle row,mixed,color|shape|spatial|technical_name,STAND_ROW2_RIGHT,GEAR_ROW2_RIGHT,False,False,False,GEAR_ROW2_RIGHT,1.1134,
2026-08-22T22:36:03,gemma4-e4b,google/gemma-4-E4B-it,124,the Row 2 left spur gear,technical_name,technical_name,GEAR_ROW2_LEFT,GEAR_ROW2_LEFT,True,False,True,GEAR_ROW2_LEFT,1.1106,
2026-08-22T22:36:03,gemma4-e4b,google/gemma-4-E4B-it,125,the small red spur wheel,size,size|color|shape,GEAR_ROW2_LEFT,GEAR_ROW2_LEFT,True,False,True,GEAR_ROW2_LEFT,1.1266,
2026-08-22T22:36:03,gemma4-e4b,google/gemma-4-E4B-it,126,the left-side gear on the shaft in the second row from Row 1,spatial,spatial|relationship,GEAR_ROW2_LEFT,GEAR_ROW2_LEFT,True,False,True,GEAR_ROW2_LEFT,1.1282,
2026-08-22T22:36:03,gemma4-e4b,google/gemma-4-E4B-it,127,"the Row 2 gear next to the left red bracket, smaller than the right gear",relationship,color|spatial|size|relationship,GEAR_ROW2_LEFT,GEAR_ROW2_LEFT,True,False,True,GEAR_ROW2_LEFT,1.1289,
2026-08-22T22:36:03,gemma4-e4b,google/gemma-4-E4B-it,128,the small red spur gear on the left side of the triangle-marked shaft,mixed,size|color|shape|spatial,GEAR_ROW2_LEFT,GEAR_ROW2_LEFT,True,False,True,GEAR_ROW2_LEFT,1.1124,
2026-08-22T22:36:03,gemma4-e4b,google/gemma-4-E4B-it,129,the small red gear to the left of the larger red gear,mixed,size|color|shape|spatial|relationship,GEAR_ROW2_LEFT,GEAR_ROW2_LEFT,True,False,True,GEAR_ROW2_LEFT,1.1249,
2026-08-22T22:36:03,gemma4-e4b,google/gemma-4-E4B-it,130,smaller gear of Row 2,mixed,size|spatial|technical_name,GEAR_ROW2_LEFT,GEAR_ROW2_LEFT,True,False,True,GEAR_ROW2_LEFT,1.1277,
2026-08-22T22:36:03,gemma4-e4b,google/gemma-4-E4B-it,131,red smaller gear,mixed,color|size|technical_name,GEAR_ROW2_LEFT,GEAR_ROW2_LEFT,True,False,True,GEAR_ROW2_LEFT,1.1293,
2026-08-22T22:36:03,gemma4-e4b,google/gemma-4-E4B-it,132,left gear of Row 2,mixed,spatial|technical_name,GEAR_ROW2_LEFT,GEAR_ROW2_LEFT,True,False,True,GEAR_ROW2_LEFT,1.1277,
2026-08-22T22:36:03,gemma4-e4b,google/gemma-4-E4B-it,133,smaller red gear in the triangle row,mixed,size|color|shape|spatial|technical_name,GEAR_ROW2_LEFT,GEAR_ROW2_LEFT,True,False,True,GEAR_ROW2_LEFT,1.1119,
2026-08-22T22:36:03,gemma4-e4b,google/gemma-4-E4B-it,134,triangle-row red left gear,mixed,color|shape|spatial|technical_name,GEAR_ROW2_LEFT,GEAR_ROW2_LEFT,True,False,True,GEAR_ROW2_LEFT,1.1264,
2026-08-22T22:36:03,gemma4-e4b,google/gemma-4-E4B-it,135,the Row 2 right spur gear,technical_name,technical_name,GEAR_ROW2_RIGHT,GEAR_ROW2_RIGHT,True,False,True,GEAR_ROW2_RIGHT,1.1136,
2026-08-22T22:36:03,gemma4-e4b,google/gemma-4-E4B-it,136,the medium red spur wheel,size,size|color|shape,GEAR_ROW2_RIGHT,GEAR_ROW2_RIGHT,True,False,True,GEAR_ROW2_RIGHT,1.1262,
2026-08-22T22:36:03,gemma4-e4b,google/gemma-4-E4B-it,137,the right-side gear on the shaft in the second row from Row 1,spatial,spatial|relationship,GEAR_ROW2_RIGHT,GEAR_ROW2_RIGHT,True,False,True,GEAR_ROW2_RIGHT,1.1295,
2026-08-22T22:36:03,gemma4-e4b,google/gemma-4-E4B-it,138,"the Row 2 gear next to the right red bracket, larger than the left gear",relationship,color|spatial|size|relationship,GEAR_ROW2_RIGHT,GEAR_ROW2_RIGHT,True,False,True,GEAR_ROW2_RIGHT,1.1289,
2026-08-22T22:36:03,gemma4-e4b,google/gemma-4-E4B-it,139,the medium red spur gear on the right side of the triangle-marked shaft,mixed,size|color|shape|spatial,GEAR_ROW2_RIGHT,GEAR_ROW2_RIGHT,True,False,True,GEAR_ROW2_RIGHT,1.1121,
2026-08-22T22:36:03,gemma4-e4b,google/gemma-4-E4B-it,140,the larger red gear to the right of the small red gear,mixed,size|color|shape|spatial|relationship,GEAR_ROW2_RIGHT,GEAR_ROW2_RIGHT,True,False,True,GEAR_ROW2_RIGHT,1.1253,
2026-08-22T22:36:03,gemma4-e4b,google/gemma-4-E4B-it,141,larger gear of Row 2,mixed,size|spatial|technical_name,GEAR_ROW2_RIGHT,GEAR_ROW2_RIGHT,True,False,True,GEAR_ROW2_RIGHT,1.1263,
2026-08-22T22:36:03,gemma4-e4b,google/gemma-4-E4B-it,142,red larger gear,mixed,color|size|technical_name,GEAR_ROW2_RIGHT,GEAR_ROW2_RIGHT,True,False,True,GEAR_ROW2_RIGHT,1.1302,
2026-08-22T22:36:03,gemma4-e4b,google/gemma-4-E4B-it,143,right gear of Row 2,mixed,spatial|technical_name,GEAR_ROW2_RIGHT,GEAR_ROW2_RIGHT,True,False,True,GEAR_ROW2_RIGHT,1.1274,
2026-08-22T22:36:03,gemma4-e4b,google/gemma-4-E4B-it,144,larger red gear in the triangle row,mixed,size|color|shape|spatial|technical_name,GEAR_ROW2_RIGHT,GEAR_ROW2_RIGHT,True,False,True,GEAR_ROW2_RIGHT,1.1129,
2026-08-22T22:36:03,gemma4-e4b,google/gemma-4-E4B-it,145,triangle-row red right gear,mixed,color|shape|spatial|technical_name,GEAR_ROW2_RIGHT,GEAR_ROW2_RIGHT,True,False,True,GEAR_ROW2_RIGHT,1.1274,
2026-08-22T22:36:03,gemma4-e4b,google/gemma-4-E4B-it,146,a Row 2 T25 Torx mounting screw,technical_name,technical_name,SCREW_ROW2,SCREW_ROW2,True,False,True,SCREW_ROW2,1.0632,
2026-08-22T22:36:03,gemma4-e4b,google/gemma-4-E4B-it,147,a small black screw with a recessed T25 Torx head,color,size|color|shape|technical_name,SCREW_ROW2,SCREW_ROW2,True,False,True,SCREW_ROW2,1.0623,
2026-08-22T22:36:03,gemma4-e4b,google/gemma-4-E4B-it,148,a screw at the base of a Row 2 gear stand,spatial,spatial|relationship,SCREW_ROW2,SCREW_ROW2,True,False,True,SCREW_ROW2,1.0657,
2026-08-22T22:36:03,gemma4-e4b,google/gemma-4-E4B-it,149,a fastener used to secure a Row 2 bearing stand to the baseboard,relationship,relationship|function,SCREW_ROW2,SCREW_ROW2,True,False,True,SCREW_ROW2,1.0509,
2026-08-22T22:36:03,gemma4-e4b,google/gemma-4-E4B-it,150,the black T25 Torx screw for the red Row 2 stand,mixed,color|spatial|technical_name|relationship,SCREW_ROW2,SCREW_ROW2,True,False,True,SCREW_ROW2,1.0486,
2026-08-22T22:36:03,gemma4-e4b,google/gemma-4-E4B-it,151,the Row 2 fastener tightened with a T25 driver,function,technical_name|function,SCREW_ROW2,SCREW_ROW2,True,False,True,SCREW_ROW2,1.0758,
2026-08-22T22:36:03,gemma4-e4b,google/gemma-4-E4B-it,152,the small black screw located at the foot of a red support bracket,mixed,size|color|shape|spatial|relationship,SCREW_ROW2,SCREW_ROW2,True,False,True,SCREW_ROW2,1.0661,
2026-08-22T22:36:03,gemma4-e4b,google/gemma-4-E4B-it,153,Row 2 screw,mixed,spatial|technical_name,SCREW_ROW2,SCREW_ROW2,True,False,True,SCREW_ROW2,1.0648,
2026-08-22T22:36:03,gemma4-e4b,google/gemma-4-E4B-it,154,T25 screw,technical_name,technical_name,SCREW_ROW2,SCREW_ROW2,True,False,True,SCREW_ROW2,1.0658,
2026-08-22T22:36:03,gemma4-e4b,google/gemma-4-E4B-it,155,the Row 3 gear shaft,technical_name,technical_name,GEAR_ROD_ROW3,GEAR_ROD_ROW3,True,False,True,GEAR_ROD_ROW3,1.1577,
2026-08-22T22:36:03,gemma4-e4b,google/gemma-4-E4B-it,156,the long green cylindrical shaft with two pin holes,shape,size|color|shape,GEAR_ROD_ROW3,GEAR_ROD_ROW3,True,False,True,GEAR_ROD_ROW3,1.1570,
2026-08-22T22:36:03,gemma4-e4b,google/gemma-4-E4B-it,157,the shaft crossing Row 3 between the two green brackets,spatial,color|spatial|relationship,GEAR_ROD_ROW3,GEAR_ROD_ROW3,True,False,True,GEAR_ROD_ROW3,1.1596,
2026-08-22T22:36:03,gemma4-e4b,google/gemma-4-E4B-it,158,the shaft that passes through both Row 3 bearings and carries the small and medium gears,relationship,relationship|function,GEAR_ROD_ROW3,GEAR_ROD_ROW3,True,False,True,GEAR_ROD_ROW3,1.1628,
2026-08-22T22:36:03,gemma4-e4b,google/gemma-4-E4B-it,159,the long green hexagon-row gear shaft seated in both bearing brackets,mixed,size|color|shape|relationship,GEAR_ROD_ROW3,GEAR_ROD_ROW3,True,False,True,GEAR_ROD_ROW3,1.1582,
2026-08-22T22:36:03,gemma4-e4b,google/gemma-4-E4B-it,160,the Row 3 shaft that carries the small and medium gears and transfers rotation between the two stands,function,function|relationship,GEAR_ROD_ROW3,GEAR_ROD_ROW3,True,False,True,GEAR_ROD_ROW3,1.1601,
2026-08-22T22:36:03,gemma4-e4b,google/gemma-4-E4B-it,161,the long green cylindrical rod with two retaining-pin holes spanning Row 3,mixed,size|color|shape|spatial,GEAR_ROD_ROW3,GEAR_ROD_ROW3,True,False,True,GEAR_ROD_ROW3,1.1551,
2026-08-22T22:36:03,gemma4-e4b,google/gemma-4-E4B-it,162,green gear rod,mixed,color|technical_name,GEAR_ROD_ROW3,GEAR_ROD_ROW3,True,False,True,GEAR_ROD_ROW3,1.1632,
2026-08-22T22:36:03,gemma4-e4b,google/gemma-4-E4B-it,163,Row 3 shaft,mixed,spatial|technical_name,GEAR_ROD_ROW3,GEAR_ROD_ROW3,True,False,True,GEAR_ROD_ROW3,1.1602,
2026-08-22T22:36:03,gemma4-e4b,google/gemma-4-E4B-it,164,gear rod of Row 3,mixed,spatial|technical_name,GEAR_ROD_ROW3,GEAR_ROD_ROW3,True,False,True,GEAR_ROD_ROW3,1.1591,
2026-08-22T22:36:03,gemma4-e4b,google/gemma-4-E4B-it,165,green gear rod in the hexagon row,mixed,color|shape|spatial|technical_name,GEAR_ROD_ROW3,GEAR_ROD_ROW3,True,False,True,GEAR_ROD_ROW3,1.1453,
2026-08-22T22:36:03,gemma4-e4b,google/gemma-4-E4B-it,166,hexagon-row green shaft,mixed,color|shape|spatial|technical_name,GEAR_ROD_ROW3,GEAR_ROD_ROW3,True,False,True,GEAR_ROD_ROW3,1.1593,
2026-08-22T22:36:03,gemma4-e4b,google/gemma-4-E4B-it,167,the Row 3 left gear stand,technical_name,technical_name,STAND_ROW3_LEFT,STAND_ROW3_LEFT,True,False,True,STAND_ROW3_LEFT,1.0847,
2026-08-22T22:36:03,gemma4-e4b,google/gemma-4-E4B-it,168,the upright green left stand with a circular bearing opening,shape,color|shape|spatial,STAND_ROW3_LEFT,STAND_ROW3_LEFT,True,False,True,STAND_ROW3_LEFT,1.0947,
2026-08-22T22:36:03,gemma4-e4b,google/gemma-4-E4B-it,169,the left bearing support bracket in Row 3,spatial,spatial,STAND_ROW3_LEFT,STAND_ROW3_LEFT,True,False,True,STAND_ROW3_LEFT,1.0945,
2026-08-22T22:36:03,gemma4-e4b,google/gemma-4-E4B-it,170,"the Row 3 support bracket where the left bearing fits, next to the small left gear",relationship,spatial|relationship,STAND_ROW3_LEFT,STAND_ROW3_LEFT,True,False,True,STAND_ROW3_LEFT,1.0973,
2026-08-22T22:36:03,gemma4-e4b,google/gemma-4-E4B-it,171,the green hexagon-row left gear stand supporting the gear shaft,mixed,color|shape|spatial|relationship|function,STAND_ROW3_LEFT,STAND_ROW3_LEFT,True,False,True,STAND_ROW3_LEFT,1.1064,
2026-08-22T22:36:03,gemma4-e4b,google/gemma-4-E4B-it,172,the left Row 3 support that holds a bearing and supports the gear shaft,function,spatial|function|relationship,STAND_ROW3_LEFT,STAND_ROW3_LEFT,True,False,True,STAND_ROW3_LEFT,1.0845,
2026-08-22T22:36:03,gemma4-e4b,google/gemma-4-E4B-it,173,"the upright green bearing bracket on the left, beside the small left gear in the hexagon-marked row",mixed,color|shape|spatial|relationship,STAND_ROW3_LEFT,STAND_ROW3_LEFT,True,False,True,STAND_ROW3_LEFT,1.1001,
2026-08-22T22:36:03,gemma4-e4b,google/gemma-4-E4B-it,174,green left stand,mixed,color|spatial|technical_name,STAND_ROW3_LEFT,STAND_ROW3_LEFT,True,False,True,STAND_ROW3_LEFT,1.1011,
2026-08-22T22:36:03,gemma4-e4b,google/gemma-4-E4B-it,175,Row 3 left bracket,mixed,spatial|technical_name,STAND_ROW3_LEFT,STAND_ROW3_LEFT,True,False,True,STAND_ROW3_LEFT,1.0987,
2026-08-22T22:36:03,gemma4-e4b,google/gemma-4-E4B-it,176,left gear stand of Row 3,mixed,spatial|technical_name,STAND_ROW3_LEFT,STAND_ROW3_LEFT,True,False,True,STAND_ROW3_LEFT,1.0831,
2026-08-22T22:36:03,gemma4-e4b,google/gemma-4-E4B-it,177,green left gear stand in the hexagon row,mixed,color|shape|spatial|technical_name,STAND_ROW3_LEFT,STAND_ROW3_LEFT,True,False,True,STAND_ROW3_LEFT,1.0945,
2026-08-22T22:36:03,gemma4-e4b,google/gemma-4-E4B-it,178,left bracket of the green hexagon row,mixed,color|shape|spatial|technical_name,STAND_ROW3_LEFT,GEAR_ROW3_LEFT,False,False,False,GEAR_ROW3_LEFT,1.1135,
2026-08-22T22:36:03,gemma4-e4b,google/gemma-4-E4B-it,179,the Row 3 right gear stand,technical_name,technical_name,STAND_ROW3_RIGHT,STAND_ROW3_RIGHT,True,False,True,STAND_ROW3_RIGHT,1.0820,
2026-08-22T22:36:03,gemma4-e4b,google/gemma-4-E4B-it,180,the upright green right stand with a circular bearing opening,shape,color|shape|spatial,STAND_ROW3_RIGHT,STAND_ROW3_RIGHT,True,False,True,STAND_ROW3_RIGHT,1.0951,
2026-08-22T22:36:03,gemma4-e4b,google/gemma-4-E4B-it,181,the right bearing support bracket in Row 3,spatial,spatial,STAND_ROW3_RIGHT,STAND_ROW3_RIGHT,True,False,True,STAND_ROW3_RIGHT,1.1029,
2026-08-22T22:36:03,gemma4-e4b,google/gemma-4-E4B-it,182,"the Row 3 support bracket where the right bearing fits, next to the medium right gear",relationship,spatial|relationship,STAND_ROW3_RIGHT,STAND_ROW3_RIGHT,True,False,True,STAND_ROW3_RIGHT,1.1002,
2026-08-22T22:36:03,gemma4-e4b,google/gemma-4-E4B-it,183,the green hexagon-row right gear stand supporting the gear shaft,mixed,color|shape|spatial|relationship|function,STAND_ROW3_RIGHT,STAND_ROW3_RIGHT,True,False,True,STAND_ROW3_RIGHT,1.0950,
2026-08-22T22:36:03,gemma4-e4b,google/gemma-4-E4B-it,184,the right Row 3 support that holds a bearing and supports the gear shaft,function,spatial|function|relationship,STAND_ROW3_RIGHT,STAND_ROW3_RIGHT,True,False,True,STAND_ROW3_RIGHT,1.0790,
2026-08-22T22:36:03,gemma4-e4b,google/gemma-4-E4B-it,185,"the upright green bearing bracket on the right, beside the medium right gear in the hexagon-marked row",mixed,color|shape|spatial|relationship,STAND_ROW3_RIGHT,STAND_ROW3_RIGHT,True,False,True,STAND_ROW3_RIGHT,1.0984,
2026-08-22T22:36:03,gemma4-e4b,google/gemma-4-E4B-it,186,green right stand,mixed,color|spatial|technical_name,STAND_ROW3_RIGHT,STAND_ROW3_RIGHT,True,False,True,STAND_ROW3_RIGHT,1.0944,
2026-08-22T22:36:03,gemma4-e4b,google/gemma-4-E4B-it,187,Row 3 right bracket,mixed,spatial|technical_name,STAND_ROW3_RIGHT,GEAR_ROW3_RIGHT,False,False,False,GEAR_ROW3_RIGHT,1.1279,
2026-08-22T22:36:03,gemma4-e4b,google/gemma-4-E4B-it,188,right gear stand of Row 3,mixed,spatial|technical_name,STAND_ROW3_RIGHT,STAND_ROW3_RIGHT,True,False,True,STAND_ROW3_RIGHT,1.0809,
2026-08-22T22:36:03,gemma4-e4b,google/gemma-4-E4B-it,189,green right gear stand in the hexagon row,mixed,color|shape|spatial|technical_name,STAND_ROW3_RIGHT,STAND_ROW3_RIGHT,True,False,True,STAND_ROW3_RIGHT,1.0930,
2026-08-22T22:36:03,gemma4-e4b,google/gemma-4-E4B-it,190,right bracket of the green hexagon row,mixed,color|shape|spatial|technical_name,STAND_ROW3_RIGHT,GEAR_ROW3_RIGHT,False,False,False,GEAR_ROW3_RIGHT,1.1133,
2026-08-22T22:36:03,gemma4-e4b,google/gemma-4-E4B-it,191,the Row 3 left spur gear,technical_name,technical_name,GEAR_ROW3_LEFT,GEAR_ROW3_LEFT,True,False,True,GEAR_ROW3_LEFT,1.1190,
2026-08-22T22:36:03,gemma4-e4b,google/gemma-4-E4B-it,192,the small green spur wheel,size,size|color|shape,GEAR_ROW3_LEFT,GEAR_ROW3_LEFT,True,False,True,GEAR_ROW3_LEFT,1.1305,
2026-08-22T22:36:03,gemma4-e4b,google/gemma-4-E4B-it,193,the left-side gear on the shaft in Row 3,spatial,spatial|relationship,GEAR_ROW3_LEFT,GEAR_ROW3_LEFT,True,False,True,GEAR_ROW3_LEFT,1.1274,
2026-08-22T22:36:03,gemma4-e4b,google/gemma-4-E4B-it,194,"the Row 3 gear next to the left green bracket, smaller than the right gear",relationship,color|spatial|size|relationship,GEAR_ROW3_LEFT,GEAR_ROW3_LEFT,True,False,True,GEAR_ROW3_LEFT,1.1315,
2026-08-22T22:36:03,gemma4-e4b,google/gemma-4-E4B-it,195,the small green spur gear on the left side of the hexagon-marked shaft,mixed,size|color|shape|spatial,GEAR_ROW3_LEFT,GEAR_ROW3_LEFT,True,False,True,GEAR_ROW3_LEFT,1.1126,
2026-08-22T22:36:03,gemma4-e4b,google/gemma-4-E4B-it,196,the small green gear to the left of the larger green gear,mixed,size|color|shape|spatial|relationship,GEAR_ROW3_LEFT,GEAR_ROW3_LEFT,True,False,True,GEAR_ROW3_LEFT,1.1257,
2026-08-22T22:36:03,gemma4-e4b,google/gemma-4-E4B-it,197,smaller gear of Row 3,mixed,size|spatial|technical_name,GEAR_ROW3_LEFT,GEAR_ROW3_LEFT,True,False,True,GEAR_ROW3_LEFT,1.1259,
2026-08-22T22:36:03,gemma4-e4b,google/gemma-4-E4B-it,198,green smaller gear,mixed,color|size|technical_name,GEAR_ROW3_LEFT,GEAR_ROW3_LEFT,True,False,True,GEAR_ROW3_LEFT,1.1285,
2026-08-22T22:36:03,gemma4-e4b,google/gemma-4-E4B-it,199,left gear of Row 3,mixed,spatial|technical_name,GEAR_ROW3_LEFT,GEAR_ROW3_LEFT,True,False,True,GEAR_ROW3_LEFT,1.1250,
2026-08-22T22:36:03,gemma4-e4b,google/gemma-4-E4B-it,200,smaller green gear in the hexagon row,mixed,size|color|shape|spatial|technical_name,GEAR_ROW3_LEFT,GEAR_ROW3_LEFT,True,False,True,GEAR_ROW3_LEFT,1.1125,
2026-08-22T22:36:03,gemma4-e4b,google/gemma-4-E4B-it,201,hexagon-row green left gear,mixed,color|shape|spatial|technical_name,GEAR_ROW3_LEFT,GEAR_ROW3_LEFT,True,False,True,GEAR_ROW3_LEFT,1.1377,
2026-08-22T22:36:03,gemma4-e4b,google/gemma-4-E4B-it,202,the Row 3 right spur gear,technical_name,technical_name,GEAR_ROW3_RIGHT,GEAR_ROW3_RIGHT,True,False,True,GEAR_ROW3_RIGHT,1.1164,
2026-08-22T22:36:03,gemma4-e4b,google/gemma-4-E4B-it,203,the medium green spur wheel,size,size|color|shape,GEAR_ROW3_RIGHT,GEAR_ROW3_RIGHT,True,False,True,GEAR_ROW3_RIGHT,1.1265,
2026-08-22T22:36:03,gemma4-e4b,google/gemma-4-E4B-it,204,the right-side gear on the shaft in Row 3,spatial,spatial|relationship,GEAR_ROW3_RIGHT,GEAR_ROW3_RIGHT,True,False,True,GEAR_ROW3_RIGHT,1.1283,
2026-08-22T22:36:03,gemma4-e4b,google/gemma-4-E4B-it,205,"the Row 3 gear next to the right green bracket, larger than the left gear",relationship,color|spatial|size|relationship,GEAR_ROW3_RIGHT,GEAR_ROW3_RIGHT,True,False,True,GEAR_ROW3_RIGHT,1.1306,
2026-08-22T22:36:03,gemma4-e4b,google/gemma-4-E4B-it,206,the medium green spur gear on the right side of the hexagon-marked shaft,mixed,size|color|shape|spatial,GEAR_ROW3_RIGHT,GEAR_ROW3_RIGHT,True,False,True,GEAR_ROW3_RIGHT,1.1129,
2026-08-22T22:36:03,gemma4-e4b,google/gemma-4-E4B-it,207,the larger green gear to the right of the small green gear,mixed,size|color|shape|spatial|relationship,GEAR_ROW3_RIGHT,GEAR_ROW3_RIGHT,True,False,True,GEAR_ROW3_RIGHT,1.1257,
2026-08-22T22:36:03,gemma4-e4b,google/gemma-4-E4B-it,208,larger gear of Row 3,mixed,size|spatial|technical_name,GEAR_ROW3_RIGHT,GEAR_ROW3_RIGHT,True,False,True,GEAR_ROW3_RIGHT,1.1281,
2026-08-22T22:36:03,gemma4-e4b,google/gemma-4-E4B-it,209,green larger gear,mixed,color|size|technical_name,GEAR_ROW3_RIGHT,GEAR_ROW3_RIGHT,True,False,True,GEAR_ROW3_RIGHT,1.1260,
2026-08-22T22:36:03,gemma4-e4b,google/gemma-4-E4B-it,210,right gear of Row 3,mixed,spatial|technical_name,GEAR_ROW3_RIGHT,GEAR_ROW3_RIGHT,True,False,True,GEAR_ROW3_RIGHT,1.1254,
2026-08-22T22:36:03,gemma4-e4b,google/gemma-4-E4B-it,211,larger green gear in the hexagon row,mixed,size|color|shape|spatial|technical_name,GEAR_ROW3_RIGHT,GEAR_ROW3_RIGHT,True,False,True,GEAR_ROW3_RIGHT,1.1152,
2026-08-22T22:36:03,gemma4-e4b,google/gemma-4-E4B-it,212,hexagon-row green right gear,mixed,color|shape|spatial|technical_name,GEAR_ROW3_RIGHT,GEAR_ROW3_RIGHT,True,False,True,GEAR_ROW3_RIGHT,1.1299,
2026-08-22T22:36:03,gemma4-e4b,google/gemma-4-E4B-it,213,a Row 3 H3 hex-socket mounting screw,technical_name,technical_name,SCREW_ROW3,SCREW_ROW3,True,False,True,SCREW_ROW3,1.0642,
2026-08-22T22:36:03,gemma4-e4b,google/gemma-4-E4B-it,214,a small black screw with a recessed H3 hex-socket head,color,size|color|shape|technical_name,SCREW_ROW3,SCREW_ROW3,True,False,True,SCREW_ROW3,1.0661,
2026-08-22T22:36:03,gemma4-e4b,google/gemma-4-E4B-it,215,a screw at the base of a Row 3 gear stand,spatial,spatial|relationship,SCREW_ROW3,SCREW_ROW3,True,False,True,SCREW_ROW3,1.0637,
2026-08-22T22:36:03,gemma4-e4b,google/gemma-4-E4B-it,216,a fastener used to secure a Row 3 bearing stand to the baseboard,relationship,relationship|function,SCREW_ROW3,SCREW_ROW3,True,False,True,SCREW_ROW3,1.0490,
2026-08-22T22:36:03,gemma4-e4b,google/gemma-4-E4B-it,217,the black H3 hex-socket screw for the green Row 3 stand,mixed,color|spatial|technical_name|relationship,SCREW_ROW3,SCREW_ROW3,True,False,True,SCREW_ROW3,1.0480,
2026-08-22T22:36:03,gemma4-e4b,google/gemma-4-E4B-it,218,the Row 3 fastener tightened with a 3 mm hex key,function,technical_name|function,SCREW_ROW3,SCREW_ROW3,True,False,True,SCREW_ROW3,1.0640,
2026-08-22T22:36:03,gemma4-e4b,google/gemma-4-E4B-it,219,the small black screw located at the foot of a green support bracket,mixed,size|color|shape|spatial|relationship,SCREW_ROW3,SCREW_ROW3,True,False,True,SCREW_ROW3,1.0645,
2026-08-22T22:36:03,gemma4-e4b,google/gemma-4-E4B-it,220,Row 3 screw,mixed,spatial|technical_name,SCREW_ROW3,SCREW_ROW3,True,False,True,SCREW_ROW3,1.0644,
2026-08-22T22:36:03,gemma4-e4b,google/gemma-4-E4B-it,221,H3 screw,technical_name,technical_name,SCREW_ROW3,SCREW_ROW3,True,False,True,SCREW_ROW3,1.0746,
2026-08-22T22:36:03,gemma4-e4b,google/gemma-4-E4B-it,222,the Row 4 gear shaft,technical_name,technical_name,GEAR_ROD_ROW4,GEAR_ROD_ROW4,True,False,True,GEAR_ROD_ROW4,1.1635,
2026-08-22T22:36:03,gemma4-e4b,google/gemma-4-E4B-it,223,the long blue cylindrical shaft with one pin hole,shape,size|color|shape,GEAR_ROD_ROW4,GEAR_ROD_ROW4,True,False,True,GEAR_ROD_ROW4,1.1620,
2026-08-22T22:36:03,gemma4-e4b,google/gemma-4-E4B-it,224,the shaft crossing Row 4 between the two blue brackets,spatial,color|spatial|relationship,GEAR_ROD_ROW4,GEAR_ROD_ROW4,True,False,True,GEAR_ROD_ROW4,1.1571,
2026-08-22T22:36:03,gemma4-e4b,google/gemma-4-E4B-it,225,the shaft that passes through both Row 4 bearings and carries one large gear,relationship,relationship|function,GEAR_ROD_ROW4,GEAR_ROD_ROW4,True,False,True,GEAR_ROD_ROW4,1.1457,
2026-08-22T22:36:03,gemma4-e4b,google/gemma-4-E4B-it,226,the long blue square-row gear shaft seated in both bearing brackets,mixed,size|color|shape|relationship,GEAR_ROD_ROW4,GEAR_ROD_ROW4,True,False,True,GEAR_ROD_ROW4,1.1592,
2026-08-22T22:36:03,gemma4-e4b,google/gemma-4-E4B-it,227,the Row 4 shaft that carries one large gear and transfers rotation between the two stands,function,function|relationship,GEAR_ROD_ROW4,GEAR_ROD_ROW4,True,False,True,GEAR_ROD_ROW4,1.1636,
2026-08-22T22:36:03,gemma4-e4b,google/gemma-4-E4B-it,228,the long blue cylindrical rod with one retaining-pin hole spanning Row 4,mixed,size|color|shape|spatial,GEAR_ROD_ROW4,GEAR_ROD_ROW4,True,False,True,GEAR_ROD_ROW4,1.1436,
2026-08-22T22:36:03,gemma4-e4b,google/gemma-4-E4B-it,229,blue gear rod,mixed,color|technical_name,GEAR_ROD_ROW4,GEAR_ROD_ROW4,True,False,True,GEAR_ROD_ROW4,1.1595,
2026-08-22T22:36:03,gemma4-e4b,google/gemma-4-E4B-it,230,Row 4 shaft,mixed,spatial|technical_name,GEAR_ROD_ROW4,GEAR_ROD_ROW4,True,False,True,GEAR_ROD_ROW4,1.1596,
2026-08-22T22:36:03,gemma4-e4b,google/gemma-4-E4B-it,231,gear rod of Row 4,mixed,spatial|technical_name,GEAR_ROD_ROW4,GEAR_ROD_ROW4,True,False,True,GEAR_ROD_ROW4,1.1699,
2026-08-22T22:36:03,gemma4-e4b,google/gemma-4-E4B-it,232,blue gear rod in the square row,mixed,color|shape|spatial|technical_name,GEAR_ROD_ROW4,GEAR_ROD_ROW4,True,False,True,GEAR_ROD_ROW4,1.1512,
2026-08-22T22:36:03,gemma4-e4b,google/gemma-4-E4B-it,233,square-row blue shaft,mixed,color|shape|spatial|technical_name,GEAR_ROD_ROW4,GEAR_ROW4_LEFT,False,False,False,GEAR_ROW4_LEFT,1.1279,
2026-08-22T22:36:03,gemma4-e4b,google/gemma-4-E4B-it,234,the Row 4 left gear stand,technical_name,technical_name,STAND_ROW4_LEFT,STAND_ROW4_LEFT,True,False,True,STAND_ROW4_LEFT,1.0850,
2026-08-22T22:36:03,gemma4-e4b,google/gemma-4-E4B-it,235,the upright blue left stand with a circular bearing opening,shape,color|shape|spatial,STAND_ROW4_LEFT,STAND_ROW4_LEFT,True,False,True,STAND_ROW4_LEFT,1.0945,
2026-08-22T22:36:03,gemma4-e4b,google/gemma-4-E4B-it,236,the left bearing support bracket in Row 4,spatial,spatial,STAND_ROW4_LEFT,BEARING,False,False,False,BEARING_ROW4_LEFT,1.1262,
2026-08-22T22:36:03,gemma4-e4b,google/gemma-4-E4B-it,237,"the Row 4 support bracket where the left bearing fits, next to the large left gear",relationship,spatial|relationship,STAND_ROW4_LEFT,STAND_ROW4_LEFT,True,False,True,STAND_ROW4_LEFT,1.0971,
2026-08-22T22:36:03,gemma4-e4b,google/gemma-4-E4B-it,238,the blue square-row left gear stand supporting the gear shaft,mixed,color|shape|spatial|relationship|function,STAND_ROW4_LEFT,STAND_ROW4_LEFT,True,False,True,STAND_ROW4_LEFT,1.0951,
2026-08-22T22:36:03,gemma4-e4b,google/gemma-4-E4B-it,239,the left Row 4 support that holds a bearing and supports the gear shaft,function,spatial|function|relationship,STAND_ROW4_LEFT,STAND_ROW4_LEFT,True,False,True,STAND_ROW4_LEFT,1.0822,
2026-08-22T22:36:03,gemma4-e4b,google/gemma-4-E4B-it,240,"the upright blue bearing bracket on the left, beside the large left gear in the square-marked row",mixed,color|shape|spatial|relationship,STAND_ROW4_LEFT,STAND_ROW4_LEFT,True,False,True,STAND_ROW4_LEFT,1.1000,
2026-08-22T22:36:03,gemma4-e4b,google/gemma-4-E4B-it,241,blue left stand,mixed,color|spatial|technical_name,STAND_ROW4_LEFT,STAND_ROW4_LEFT,True,False,True,STAND_ROW4_LEFT,1.1056,
2026-08-22T22:36:03,gemma4-e4b,google/gemma-4-E4B-it,242,Row 4 left bracket,mixed,spatial|technical_name,STAND_ROW4_LEFT,STAND_ROW4_LEFT,True,False,True,STAND_ROW4_LEFT,1.0996,
2026-08-22T22:36:03,gemma4-e4b,google/gemma-4-E4B-it,243,left gear stand of Row 4,mixed,spatial|technical_name,STAND_ROW4_LEFT,STAND_ROW4_LEFT,True,False,True,STAND_ROW4_LEFT,1.0810,
2026-08-22T22:36:03,gemma4-e4b,google/gemma-4-E4B-it,244,blue left gear stand in the square row,mixed,color|shape|spatial|technical_name,STAND_ROW4_LEFT,STAND_ROW4_LEFT,True,False,True,STAND_ROW4_LEFT,1.0922,
2026-08-22T22:36:03,gemma4-e4b,google/gemma-4-E4B-it,245,left bracket of the blue square row,mixed,color|shape|spatial|technical_name,STAND_ROW4_LEFT,GEAR_ROW4_LEFT,False,False,False,GEAR_ROW4_LEFT,1.1156,
2026-08-22T22:36:03,gemma4-e4b,google/gemma-4-E4B-it,246,the Row 4 right gear stand,technical_name,technical_name,STAND_ROW4_RIGHT,STAND_ROW4_RIGHT,True,False,True,STAND_ROW4_RIGHT,1.1683,
2026-08-22T22:36:03,gemma4-e4b,google/gemma-4-E4B-it,247,the upright blue right stand with a circular bearing opening,shape,color|shape|spatial,STAND_ROW4_RIGHT,STAND_ROW4_RIGHT,True,False,True,STAND_ROW4_RIGHT,1.0950,
2026-08-22T22:36:03,gemma4-e4b,google/gemma-4-E4B-it,248,the right bearing support bracket in Row 4,spatial,spatial,STAND_ROW4_RIGHT,STAND_ROW4_RIGHT,True,False,True,STAND_ROW4_RIGHT,1.0948,
2026-08-22T22:36:03,gemma4-e4b,google/gemma-4-E4B-it,249,"the Row 4 right stand where the bearing fits, at the right end of the blue gear rod",relationship,spatial|relationship,STAND_ROW4_RIGHT,STAND_ROW4_RIGHT,True,False,True,STAND_ROW4_RIGHT,1.1020,
2026-08-22T22:36:03,gemma4-e4b,google/gemma-4-E4B-it,250,the blue square-row right gear stand supporting the gear shaft,mixed,color|shape|spatial|relationship|function,STAND_ROW4_RIGHT,STAND_ROW4_RIGHT,True,False,True,STAND_ROW4_RIGHT,1.0955,
2026-08-22T22:36:03,gemma4-e4b,google/gemma-4-E4B-it,251,the right Row 4 support that holds a bearing and supports the gear shaft,function,spatial|function|relationship,STAND_ROW4_RIGHT,STAND_ROW4_RIGHT,True,False,True,STAND_ROW4_RIGHT,1.0877,
2026-08-22T22:36:03,gemma4-e4b,google/gemma-4-E4B-it,252,"the upright blue bearing bracket on the right, beside the crank-side end of the shaft in the square-marked row",mixed,color|shape|spatial|relationship,STAND_ROW4_RIGHT,STAND_ROW4_RIGHT,True,False,True,STAND_ROW4_RIGHT,1.1013,
2026-08-22T22:36:03,gemma4-e4b,google/gemma-4-E4B-it,253,blue right stand,mixed,color|spatial|technical_name,STAND_ROW4_RIGHT,STAND_ROW4_RIGHT,True,False,True,STAND_ROW4_RIGHT,1.0955,
2026-08-22T22:36:03,gemma4-e4b,google/gemma-4-E4B-it,254,Row 4 right bracket,mixed,spatial|technical_name,STAND_ROW4_RIGHT,STAND_ROW4_RIGHT,True,False,True,STAND_ROW4_RIGHT,1.0958,
2026-08-22T22:36:03,gemma4-e4b,google/gemma-4-E4B-it,255,right gear stand of Row 4,mixed,spatial|technical_name,STAND_ROW4_RIGHT,STAND_ROW4_RIGHT,True,False,True,STAND_ROW4_RIGHT,1.0817,
2026-08-22T22:36:03,gemma4-e4b,google/gemma-4-E4B-it,256,blue right gear stand in the square row,mixed,color|shape|spatial|technical_name,STAND_ROW4_RIGHT,STAND_ROW4_RIGHT,True,False,True,STAND_ROW4_RIGHT,1.0937,
2026-08-22T22:36:03,gemma4-e4b,google/gemma-4-E4B-it,257,right bracket of the blue square row,mixed,color|shape|spatial|technical_name,STAND_ROW4_RIGHT,INVALID_OUTPUT,False,True,False,GEAR_ROW4_RIGHT,1.1136,
2026-08-22T22:36:03,gemma4-e4b,google/gemma-4-E4B-it,258,the Row 4 left spur gear,technical_name,technical_name,GEAR_ROW4_LEFT,GEAR_ROW4_LEFT,True,False,True,GEAR_ROW4_LEFT,1.1150,
2026-08-22T22:36:03,gemma4-e4b,google/gemma-4-E4B-it,259,the large blue spur wheel,size,size|color|shape,GEAR_ROW4_LEFT,GEAR_ROW4_LEFT,True,False,True,GEAR_ROW4_LEFT,1.1282,
2026-08-22T22:36:03,gemma4-e4b,google/gemma-4-E4B-it,260,the left-side gear on the shaft in Row 4,spatial,spatial|relationship,GEAR_ROW4_LEFT,GEAR_ROW4_LEFT,True,False,True,GEAR_ROW4_LEFT,1.1274,
2026-08-22T22:36:03,gemma4-e4b,google/gemma-4-E4B-it,261,"the Row 4 gear next to the left blue bracket, the only gear in Row 4",relationship,color|spatial|size|relationship,GEAR_ROW4_LEFT,GEAR_ROW4_LEFT,True,False,True,GEAR_ROW4_LEFT,1.1402,
2026-08-22T22:36:03,gemma4-e4b,google/gemma-4-E4B-it,262,the large blue spur gear on the left side of the square-marked shaft,mixed,size|color|shape|spatial,GEAR_ROW4_LEFT,GEAR_ROW4_LEFT,True,False,True,GEAR_ROW4_LEFT,1.1189,
2026-08-22T22:36:03,gemma4-e4b,google/gemma-4-E4B-it,263,the Row 4 spur gear that transmits rotation along the gear train,function,technical_name|function|relationship,GEAR_ROW4_LEFT,GEAR_ROW4_LEFT,True,False,True,GEAR_ROW4_LEFT,1.1273,
2026-08-22T22:36:03,gemma4-e4b,google/gemma-4-E4B-it,264,"the large blue toothed wheel on the left side, beside the gear shaft",mixed,size|color|shape|spatial|relationship,GEAR_ROW4_LEFT,GEAR_ROW4_LEFT,True,False,True,GEAR_ROW4_LEFT,1.1137,
2026-08-22T22:36:03,gemma4-e4b,google/gemma-4-E4B-it,265,gear of Row 4,mixed,spatial|technical_name,GEAR_ROW4_LEFT,GEAR_ROW4_LEFT,True,False,True,GEAR_ROW4_LEFT,1.1268,
2026-08-22T22:36:03,gemma4-e4b,google/gemma-4-E4B-it,266,blue gear,mixed,color|technical_name,GEAR_ROW4_LEFT,GEAR_ROW4_LEFT,True,False,True,GEAR_ROW4_LEFT,1.1275,
2026-08-22T22:36:03,gemma4-e4b,google/gemma-4-E4B-it,267,Row 4 gear,mixed,spatial|technical_name,GEAR_ROW4_LEFT,GEAR_ROW4_LEFT,True,False,True,GEAR_ROW4_LEFT,1.1284,
2026-08-22T22:36:03,gemma4-e4b,google/gemma-4-E4B-it,268,blue gear in the square row,mixed,color|shape|spatial|technical_name,GEAR_ROW4_LEFT,GEAR_ROW4_LEFT,True,False,True,GEAR_ROW4_LEFT,1.1295,
2026-08-22T22:36:03,gemma4-e4b,google/gemma-4-E4B-it,269,square-row blue gear,mixed,color|shape|spatial|technical_name,GEAR_ROW4_LEFT,GEAR_ROW4_LEFT,True,False,True,GEAR_ROW4_LEFT,1.1280,
2026-08-22T22:36:03,gemma4-e4b,google/gemma-4-E4B-it,270,a Row 4 Phillips mounting screw,technical_name,technical_name,SCREW_ROW4,SCREW_ROW4,True,False,True,SCREW_ROW4,1.0520,
2026-08-22T22:36:03,gemma4-e4b,google/gemma-4-E4B-it,271,a small silver screw with a recessed Phillips head,color,size|color|shape|technical_name,SCREW_ROW4,SCREW_ROW1,False,False,False,SCREW_ROW1,1.0749,
2026-08-22T22:36:03,gemma4-e4b,google/gemma-4-E4B-it,272,a screw at the base of a Row 4 gear stand,spatial,spatial|relationship,SCREW_ROW4,SCREW_ROW4,True,False,True,SCREW_ROW4,1.0684,
2026-08-22T22:36:03,gemma4-e4b,google/gemma-4-E4B-it,273,a fastener used to secure a Row 4 bearing stand to the baseboard,relationship,relationship|function,SCREW_ROW4,SCREW_ROW4,True,False,True,SCREW_ROW4,1.0491,
2026-08-22T22:36:03,gemma4-e4b,google/gemma-4-E4B-it,274,the silver Phillips screw for the blue Row 4 stand,mixed,color|spatial|technical_name|relationship,SCREW_ROW4,SCREW_ROW4,True,False,False,SCREW_ROW4_RIGHT,1.1276,
2026-08-22T22:36:03,gemma4-e4b,google/gemma-4-E4B-it,275,the Row 4 fastener tightened with a Phillips screwdriver,function,technical_name|function,SCREW_ROW4,SCREW_ROW4,True,False,False,SCREW_ROW4_RIGHT,1.1264,
2026-08-22T22:36:03,gemma4-e4b,google/gemma-4-E4B-it,276,the small silver screw located at the foot of a blue support bracket,mixed,size|color|shape|spatial|relationship,SCREW_ROW4,SCREW_ROW4,True,False,False,SCREW_ROW4_LEFT,1.1282,
2026-08-22T22:36:03,gemma4-e4b,google/gemma-4-E4B-it,277,Row 4 screw,mixed,spatial|technical_name,SCREW_ROW4,SCREW_ROW4,True,False,True,SCREW_ROW4,1.0647,
2026-08-22T22:36:03,gemma4-e4b,google/gemma-4-E4B-it,278,Phillips screw,technical_name,technical_name,SCREW_ROW4,SCREW_ROW4,True,False,True,SCREW_ROW4,1.0644,
2026-08-22T22:36:03,gemma4-e4b,google/gemma-4-E4B-it,279,the wooden retaining dowel,technical_name,technical_name,PIN,PIN,True,False,True,PIN,0.9373,
2026-08-22T22:36:03,gemma4-e4b,google/gemma-4-E4B-it,280,the short thin brown cylindrical peg,shape,size|color|shape|material,PIN,PIN,True,False,True,PIN,0.9385,
2026-08-22T22:36:03,gemma4-e4b,google/gemma-4-E4B-it,281,the small peg positioned crosswise through a gear-shaft hole,spatial,spatial|relationship,PIN,PIN,True,False,True,PIN,0.9444,
2026-08-22T22:36:03,gemma4-e4b,google/gemma-4-E4B-it,282,the dowel that prevents a gear or crank from sliding along its shaft,relationship,relationship|function,PIN,PIN,True,False,True,PIN,0.9435,
2026-08-22T22:36:03,gemma4-e4b,google/gemma-4-E4B-it,283,the small brown cylindrical retaining pin fitted beside a gear,mixed,size|color|shape|material|relationship,PIN,PIN,True,False,True,PIN,0.9363,
2026-08-22T22:36:03,gemma4-e4b,google/gemma-4-E4B-it,284,the wooden retainer inserted through a shaft hole to stop an attached part sliding,function,material|function|relationship,PIN,PIN,True,False,True,PIN,0.9380,
2026-08-22T22:36:03,gemma4-e4b,google/gemma-4-E4B-it,285,the short brown dowel crossing the gear rod beside a gear or the crank,mixed,size|color|shape|spatial|relationship,PIN,PIN,True,False,True,PIN,0.9258,
2026-08-22T22:36:03,gemma4-e4b,google/gemma-4-E4B-it,286,wooden pin,mixed,material|technical_name,PIN,PIN,True,False,True,PIN,0.9388,
2026-08-22T22:36:03,gemma4-e4b,google/gemma-4-E4B-it,287,brown pin,mixed,color|technical_name,PIN,PIN,True,False,True,PIN,0.9396,
2026-08-22T22:36:03,gemma4-e4b,google/gemma-4-E4B-it,288,retaining pin,technical_name,technical_name,PIN,PIN,True,False,True,PIN,0.9370,
