session_name,mode,trial_idx,t_rel_s,tcp_pos_x_m,tcp_pos_y_m,tcp_pos_z_m,tcp_quat_x,tcp_quat_y,tcp_quat_z,tcp_quat_w,joint1_deg,joint2_deg,joint3_deg,joint4_deg,joint5_deg,joint6_deg
P01,freedrive,0,0.019068241119384766,-0.3976552486419678,0.20893220603466034,0.23274612426757812,-0.03989017716057997,0.7063723137928126,-0.7058854630590149,0.03424384784228712,-90.38005836293085,-71.24031172042126,-156.54885102204102,-131.41921334728002,263.95886228690915,179.07452803679794
P01,freedrive,0,0.13352560997009277,-0.39751046895980835,0.20796945691108704,0.23353512585163116,0.04007218839345677,-0.7057993519832225,0.7064417112497793,-0.034374453652471264,-90.35038802117633,-71.24031172042126,-156.4571079211094,-131.4196504793869,263.9620588154407,179.07473294247305
P01,freedrive,0,0.2495582103729248,-0.3975345492362976,0.20626819133758545,0.23508107662200928,0.04010469722332793,-0.7046927604756165,0.7075482401098195,-0.03428140182923844,-90.3521911911172,-71.2393930599779,-156.27866239885367,-131.41943191333345,263.9629877211678,179.07404992355603
P01,freedrive,0,0.3670196533203125,-0.39754363894462585,0.2056991159915924,0.23559461534023285,0.04012384282738498,-0.7043242484505816,0.7079157263368085,-0.0342455060747468,-90.35328402138441,-71.24031172042126,-156.21895288512943,-131.4185576491197,263.96252326830427,179.07275218761373
P01,freedrive,0,0.4881315231323242,-0.3975537419319153,0.20235243439674377,0.2386397421360016,0.04022393695477711,-0.7021633294640572,0.7100587990261674,-0.03413496121756716,-90.35098907782329,-71.24119452237149,-155.86760795422396,-131.41973244165695,263.9613757965237,179.07404992355603
P01,freedrive,0,0.5996990203857422,-0.3975539803504944,0.19496537744998932,0.24548804759979248,0.04047631841764562,-0.6973245138526222,0.7148090595468747,-0.033885076615970386,-90.34101700163507,-71.24216099413904,-155.08660314338968,-131.42175417765125,263.9613757965237,179.07404992355603
P01,freedrive,0,0.699744462966919,-0.3975330591201782,0.18528278172016144,0.254718154668808,0.04082420950529461,-0.6908736414538983,0.7210406854733808,-0.03357566610769289,-90.324542585357,-71.24737072092847,-154.04868759711454,-131.4253878382897,263.9613757965237,179.07425482923114
P01,freedrive,0,0.8013882637023926,-0.39754191040992737,0.17649270594120026,0.26328402757644653,0.04112257100323183,-0.6849778952131232,0.7266421979364229,-0.03324655473290438,-90.31511692430237,-71.26981813763572,-153.09116337737046,-131.4274642157974,263.9606927776067,179.0718506026433
P01,freedrive,0,0.9165492057800293,-0.39754730463027954,0.16924986243247986,0.2703844904899597,0.041344884595179814,-0.6801686256022931,0.7311444845358767,-0.03299975752738286,-90.30738515016192,-71.31170085762624,-152.29427154652674,-131.42653531007028,263.95998243793304,179.07295709328884
P01,freedrive,0,1.033463716506958,-0.3973434865474701,0.15756765007972717,0.28201571106910706,0.04190456504514882,-0.6723897472889178,0.7382812517311417,-0.032815065311845165,-90.26115842985928,-71.39410025977327,-150.9991993780006,-131.42855704606458,263.95839783404557,179.07295709328884
P01,freedrive,0,1.1499645709991455,-0.3966295123100281,0.14693324267864227,0.2916494607925415,0.0428524349852186,-0.6662913517985692,0.7437155794916529,-0.03326620140123674,-90.14214921376097,-71.60833085063801,-149.84687816312777,-131.4315623292994,263.949737154178,179.07316199896394
P01,freedrive,0,1.2499773502349854,-0.39339107275009155,0.1361495852470398,0.2977025806903839,0.046494700628175664,-0.6631897775432268,0.7460910180324052,-0.036956117044826285,-89.69348774756118,-72.1766418631708,-148.83613310937093,-131.43729968820222,263.7952382751523,179.07493784814815
P01,freedrive,0,1.3500986099243164,-0.3864831030368805,0.12676452100276947,0.2985208034515381,0.05530958963983241,-0.6637203208863462,0.7445027880764079,-0.04617124086327237,-88.86752663160988,-73.05056115237934,-148.15215796588586,-131.43863840527953,263.15669755002614,179.07425482923114
P01,freedrive,0,1.4667260646820068,-0.378958523273468,0.1175849437713623,0.29625728726387024,0.0630554976950071,-0.6667156530770592,0.740614442187643,-0.054813229931757274,-87.90761184565628,-74.19582678183957,-147.58433701942602,-131.43885697133297,262.79122778791714,179.07404992355603
P01,freedrive,0,1.5667839050292969,-0.3736947476863861,0.11012385040521622,0.2922293245792389,0.06704107485698228,-0.6711353473150627,0.7358790431593984,-0.05970656333368167,-87.195988096411,-75.38329102753943,-147.15357064885166,-131.43617953717833,262.79169224078066,179.07316199896394
P01,freedrive,0,1.6669220924377441,-0.3705284595489502,0.10443433374166489,0.2893671989440918,0.06938310819141144,-0.6743655308348475,0.7324652784313007,-0.06254383272625987,-86.79442761472761,-76.30060506986601,-146.78110677303252,-131.43658934852854,262.7800262776783,179.0720555083184
P01,freedrive,0,1.7670488357543945,-0.3654421865940094,0.09814957529306412,0.2888748347759247,0.07493686046940257,-0.6751644715847672,0.7306545489854369,-0.06842026965409659,-86.23754863131812,-76.98435652465577,-146.3202875701101,-131.43729968820222,262.4088737981798,179.07493784814815
P01,freedrive,0,1.8839271068572998,-0.3567562997341156,0.08957114815711975,0.28960463404655457,0.08556593276293128,-0.6744995169835213,0.7290057596842051,-0.079243139051031,-85.36194570047917,-77.74706923511911,-145.6597536358565,-131.43773682030908,261.5353745656052,179.07295709328884
P01,freedrive,0,1.9861845970153809,-0.34779784083366394,0.08044124394655228,0.2876985967159271,0.09336571169415382,-0.6761950686820912,0.7254990163679834,-0.08771687533738583,-84.33457596628253,-78.80909705671168,-145.03708627036147,-131.4384198392261,261.24003718589387,179.07316199896394
P01,freedrive,0,2.1002559661865234,-0.33771803975105286,0.0697278082370758,0.2797505855560303,0.10023644345260209,-0.6829313485066432,0.7172413310027163,-0.09551074144997107,-83.15333573046385,-80.68047753551502,-144.39708388475293,-131.4391028581431,261.24181303507805,179.0727385272354
P01,freedrive,0,2.2169103622436523,-0.33161646127700806,0.06506399065256119,0.26878657937049866,0.10448841966604222,-0.6916008138562575,0.7076152709362463,-0.10025523810194738,-82.44173930197523,-82.31618404455438,-144.25433293109967,-131.4384198392261,261.23981861984043,179.07404992355603
P01,freedrive,0,2.3169431686401367,-0.3279610276222229,0.06273866444826126,0.2573668360710144,-0.10707693920106492,0.7005663270775768,-0.6979415174267832,0.10304847746747359,-82.01941504521501,-83.82804470978941,-144.25781632757636,-131.4391028581431,261.24208624264486,179.07404992355603
P01,freedrive,0,2.4190988540649414,-0.3273527920246124,0.06172044947743416,0.24968387186527252,-0.10743988656765714,0.7067334989070734,-0.6915796741792066,0.10345040627796968,-81.9699917963808,-84.84262704919931,-144.25873157292514,-131.43973123554673,261.2412119784311,179.07316199896394
P01,freedrive,0,2.533749580383301,-0.3272910714149475,0.06137649714946747,0.24663081765174866,-0.10742514199733093,0.7091815220288561,-0.6890716308501469,0.10344899824168068,-81.97154907951156,-85.2460039343151,-144.25873157292514,-131.43795538636255,261.2455013372299,179.07295709328884
P01,freedrive,0,2.634110689163208,-0.3273121416568756,0.061374396085739136,0.24665647745132446,-0.10740265389609718,0.7091658803479894,-0.6890930026803785,0.10343721643236564,-81.97430847593624,-85.24355958036588,-144.25781632757636,-131.4381466316593,261.2455013372299,179.07384501788096
P01,freedrive,0,2.750800609588623,-0.3273353576660156,0.061398234218358994,0.24663108587265015,-0.10738626830693124,0.7091867303360981,-0.6890782094204322,0.10340982640076908,-81.97654877798401,-85.24443982099517,-144.26009761075915,-131.43795538636255,261.2468946958206,179.07295709328884
P01,freedrive,0,2.8707938194274902,-0.3273243010044098,0.06140274554491043,0.2466244101524353,-0.10740385929115867,0.7091878639039254,-0.6890729056560252,0.1034191248827547,-81.97526470242005,-85.24463746959427,-144.26078062967616,-131.43773682030908,261.2459931108501,179.0722604139935
P01,freedrive,0,2.984070301055908,-0.3273424804210663,0.06142202764749527,0.2466185837984085,-0.10738337590531524,0.7092009058306588,-0.6890644902369301,0.10340703091507202,-81.97704055160425,-85.24355958036588,-144.26214666751017,-131.43904821662974,261.2468946958206,179.07295709328884
P01,freedrive,0,3.100741386413574,-0.32734909653663635,0.0614212229847908,0.24662062525749207,-0.10737080594396098,0.7092004831019078,-0.6890663922453206,0.10341030836905393,-81.97796945733137,-85.24355958036588,-144.26194176183506,-131.43885697133297,261.2467034505238,179.07425482923114
P01,freedrive,0,3.2009005546569824,-0.32735371589660645,0.06145232170820236,0.24658675491809845,-0.10736561265618016,0.7092244918440438,-0.6890420006604412,0.10341357122436746,-81.97796945733137,-85.24443982099517,-144.26531587528504,-131.4384198392261,261.2468946958206,179.07493784814815
P01,freedrive,0,3.3012914657592773,-0.3273523151874542,0.06145428866147995,0.24658453464508057,-0.10737250625016172,0.7092344681445257,-0.6890312356056476,0.10340972128898401,-81.97775089127794,-85.24444067476881,-144.26511096960994,-131.4404415752204,261.2468946958206,179.07404992355603
P01,freedrive,0,3.417760133743286,-0.3273453414440155,0.06144999340176582,0.2465863674879074,-0.10738378831747199,0.7092230365249996,-0.6890428706285101,0.10339888251267264,-81.97663074025405,-85.24443896722153,-144.26531587528504,-131.43863840527953,261.24798752608774,179.0722604139935
P01,freedrive,0,3.534384250640869,-0.3273514211177826,0.06144918128848076,0.24657943844795227,-0.10736536837863543,0.7092365528842124,-0.6890300421304463,0.10341078651453663,-81.97755964598117,-85.24551813711038,-144.26490606393483,-131.43973123554673,261.24757771473753,179.07473294247305
P01,freedrive,0,3.634406328201294,-0.32735270261764526,0.06145717203617096,0.2465890794992447,-0.10736945918885134,0.7092186148028046,-0.6890485224035721,0.10340642835017053,-81.97755964598117,-85.2435600072527,-144.26599889420206,-131.43773682030908,261.24757771473753,179.07404992355603
P01,freedrive,0,3.7344603538513184,-0.327349454164505,0.061446335166692734,0.24660047888755798,-0.10738264698262269,0.7092062187951452,-0.6890596105757911,0.1034038656068386,-81.97755964598117,-85.24336321242724,-144.26490606393483,-131.4373270089589,261.2467034505238,179.07275218761373
P01,freedrive,0,3.8345625400543213,-0.3273518681526184,0.061441224068403244,0.2465939074754715,-0.10737251338390956,0.7092193860768161,-0.6890480420820568,0.10340116771744044,-81.97775089127794,-85.24463661582062,-144.26422304501784,-131.43863840527953,261.24757771473753,179.07336690463904
P01,freedrive,0,3.9512715339660645,-0.3273530900478363,0.061450038105249405,0.24659468233585358,-0.10737213101008698,0.7092182973788529,-0.6890500532752959,0.10339562963058702,-81.97755964598117,-85.24355958036588,-144.26511096960994,-131.43863840527953,261.24826073365455,179.07295709328884
P01,freedrive,0,4.051438570022583,-0.32735368609428406,0.06145695969462395,0.24658384919166565,-0.10736950889497014,0.7092269432831506,-0.6890399236252049,0.10340655265244704,-81.97775089127794,-85.2442430261697,-144.26579398852695,-131.43863840527953,261.2473864694408,179.07404992355603
P01,freedrive,0,4.151475429534912,-0.32735854387283325,0.061455853283405304,0.24658402800559998,-0.10737100524885256,0.7092266968537692,-0.6890413463538203,0.10339720845679129,-81.97840658943825,-85.24443982099517,-144.26558908285185,-131.43863840527953,261.2473864694408,179.07316199896394
P01,freedrive,0,4.268052101135254,-0.3273582458496094,0.061443161219358444,0.24659346044063568,-0.10737106175987858,0.709220943982647,-0.6890476328018187,0.10339471670800884,-81.97859783473501,-85.24463661582062,-144.26422304501784,-131.43885697133297,261.2473864694408,179.07295709328884
P01,freedrive,0,4.368077278137207,-0.32736098766326904,0.06144733726978302,0.24659094214439392,-0.10736044294294918,0.7092243791741538,-0.6890461197344517,0.10339226351630744,-81.97859783473501,-85.24443982099517,-144.26470115825975,-131.43885697133297,261.2484519789513,179.07364011220585
P01,freedrive,0,4.468077659606934,-0.327353835105896,0.06143994256854057,0.24659530818462372,-0.10736432539642975,0.7092238577494375,-0.6890463744386761,0.10339011124905041,-81.97755964598117,-85.24443982099517,-144.26401813934274,-131.43953999024998,261.2493535639218,179.07316199896394
P01,freedrive,0,4.568221807479858,-0.32735010981559753,0.061441659927368164,0.24659499526023865,-0.10737188192855353,0.7092195770707593,-0.689047159845972,0.10340639235024805,-81.97755964598117,-85.24443896722153,-144.26422304501784,-131.43885697133297,261.2473864694408,179.07384501788096
P01,freedrive,0,4.669445991516113,-0.32736116647720337,0.06144805625081062,0.24659761786460876,-0.10736219568900096,0.7092187394035614,-0.6890519251064541,0.10339044019032731,-81.97859783473501,-85.24355958036588,-144.26470115825975,-131.43885697133297,261.2484519789513,179.07335324426072
P01,freedrive,0,4.785289764404297,-0.3273669481277466,0.06145475059747696,0.2465847134590149,-0.10736546064523915,0.7092314457749362,-0.6890385243421687,0.10338919748598344,-81.97952674046213,-85.24463661582062,-144.26511096960994,-131.43953999024998,261.2473864694408,179.07295709328884
P01,freedrive,0,4.888078689575195,-0.3273581862449646,0.061440352350473404,0.24658991396427155,-0.10736869574920005,0.7092284265789282,-0.6890402746269074,0.10339488404930765,-81.97859783473501,-85.24532988002139,-144.26381323366763,-131.43973123554673,261.24757771473753,179.07316199896394
P01,freedrive,0,5.001726388931274,-0.3273579776287079,0.061446502804756165,0.24659299850463867,-0.10736028562590533,0.7092175293790217,-0.6890525037311015,0.10339686742711705,-81.97821534414149,-85.24423320777278,-144.26490606393483,-131.43773682030908,261.2484519789513,179.0740362631777
P01,freedrive,0,5.101751327514648,-0.3273604214191437,0.061457064002752304,0.24657513201236725,-0.10736463785396352,0.7092357755943174,-0.6890336160487658,0.10339306122935246,-81.97840658943825,-85.2453303069082,-144.26579398852695,-131.43885697133297,261.24826073365455,179.07335324426072
P01,freedrive,0,5.209677219390869,-0.32734400033950806,0.06143663078546524,0.2465919554233551,-0.10737898918645986,0.7092200499714099,-0.689046500370341,0.10340016309093003,-81.97663074025405,-85.24512283991217,-144.26401813934274,-131.43863840527953,261.24826073365455,179.0727658479921
P01,freedrive,0,5.3188252449035645,-0.32736101746559143,0.061447035521268845,0.24659965932369232,-0.10736027000588669,0.7092164517467061,-0.6890552409309442,0.10338603359097188,-81.97840658943825,-85.24334442940703,-144.26470115825975,-131.43863840527953,261.249162318625,179.07316199896394
P01,freedrive,0,5.43561577796936,-0.32735463976860046,0.061451081186532974,0.24658668041229248,-0.10738194654832303,0.7092263646383644,-0.6890419670894592,0.10338398738117771,-81.97775089127794,-85.24443896722153,-144.26511096960994,-131.43932142419655,261.24826073365455,179.07119490448298
P01,freedrive,0,5.535680770874023,-0.32735201716423035,0.06144559755921364,0.24658136069774628,-0.10736399023542137,0.709234587345798,-0.6890341562254213,0.10339828464672719,-81.97734107992773,-85.24553478569648,-144.26470115825975,-131.43953999024998,261.24894375257156,179.07384501788096
P01,freedrive,0,5.651803255081177,-0.3273526728153229,0.06145010143518448,0.24659471213817596,-0.10738437663527908,0.7092206505027193,-0.6890471007740802,0.10338644722586553,-81.97755964598117,-85.24355018885578,-144.26490606393483,-131.43953999024998,261.2480421676011,179.07119490448298
P01,freedrive,0,5.752045154571533,-0.32736095786094666,0.06145034730434418,0.2465827465057373,-0.10735912315516107,0.7092340982793763,-0.6890357536698218,0.1033960476897231,-81.97859783473501,-85.24512283991217,-144.26490606393483,-131.43953999024998,261.24826073365455,179.07404992355603
P01,freedrive,0,5.852213382720947,-0.3273506462574005,0.0614456832408905,0.24658988416194916,-0.1073841766678885,0.7092205392075309,-0.6890460355794468,0.10339451735844882,-81.97755964598117,-85.24464600733073,-144.26470115825975,-131.43863840527953,261.2473864694408,179.07186426302164
P01,freedrive,0,5.952627182006836,-0.3273576498031616,0.061437010765075684,0.24659402668476105,-0.1073688294101189,0.7092191252854066,-0.6890507621590698,0.10338865493132486,-81.97840658943825,-85.24512198613851,-144.26381323366763,-131.4384198392261,261.24826073365455,179.07265656496537
P01,freedrive,0,6.068853855133057,-0.32735541462898254,0.06145172193646431,0.24657806754112244,-0.10735770565190937,0.7092317508085553,-0.6890382927343757,0.10339670124276851,-81.97755964598117,-85.24532817247409,-144.26558908285185,-131.43822859392932,261.2493535639218,179.0742411688528
P01,freedrive,0,6.185411691665649,-0.327369749546051,0.06146065518260002,0.2465825378894806,-0.10735913071516398,0.7092286153750725,-0.6890433837664225,0.10338280066316852,-81.97949941970545,-85.2442336346596,-144.26599889420206,-131.4384198392261,261.2484519789513,179.0729707536672
P01,freedrive,0,6.285676002502441,-0.32735463976860046,0.061448220163583755,0.24659088253974915,-0.10736853984352576,0.7092188935121777,-0.6890501725690085,0.10339447480330523,-81.97775089127794,-85.24423406154642,-144.26511096960994,-131.43795538636255,261.2484519789513,179.07316199896394
P01,freedrive,0,6.385734558105469,-0.3273586630821228,0.06144120171666145,0.24659417569637299,-0.10736703055960428,0.7092232656825458,-0.6890468551421642,0.10338815977708304,-81.97840658943825,-85.24464558044392,-144.26401813934274,-131.43932142419655,261.2484519789513,179.0727658479921
P01,freedrive,0,6.4858691692352295,-0.32735559344291687,0.06144580617547035,0.24657778441905975,-0.10736556095943862,0.7092330883219943,-0.6890368297803624,0.10338911913416723,-81.97775089127794,-85.24600991073062,-144.26490606393483,-131.43863840527953,261.249162318625,179.0729707536672
P01,freedrive,0,6.60279393196106,-0.32735589146614075,0.061457425355911255,0.2465806007385254,-0.10736012327419146,0.709231010340855,-0.6890386854727548,0.10339665286371014,-81.97755964598117,-85.24444024788198,-144.26599889420206,-131.43863840527953,261.249162318625,179.0740362631777
P01,freedrive,0,6.719357252120972,-0.3273562490940094,0.06144694983959198,0.24659296870231628,-0.10736428586466704,0.7092211604868847,-0.6890471346736816,0.10340358715439225,-81.97821534414149,-85.24423534220689,-144.26470115825975,-131.43863840527953,261.24757771473753,179.0742411688528
P01,freedrive,0,6.823117733001709,-0.3273605704307556,0.061441536992788315,0.24659688770771027,-0.1073548951586531,0.7092198191486535,-0.6890521701914047,0.10338898087678966,-81.97840658943825,-85.24423406154642,-144.26422304501784,-131.43863840527953,261.2493535639218,179.07384501788096
P01,freedrive,0,6.935851812362671,-0.32736271619796753,0.06146055459976196,0.24657726287841797,-0.10736182947699606,0.7092375073783099,-0.6890334403915938,0.1033852683958302,-81.97840658943825,-85.24464558044392,-144.26599889420206,-131.43953999024998,261.24913499786834,179.07295709328884
P01,freedrive,0,7.036015272140503,-0.32735851407051086,0.06145058944821358,0.24658755958080292,-0.1073646054256213,0.7092303238372228,-0.6890392498481047,0.10339294666615369,-81.97821534414149,-85.24443982099517,-144.26490606393483,-131.43973123554673,261.2484519789513,179.07335324426072
P01,freedrive,0,7.15266227722168,-0.32735490798950195,0.06145302578806877,0.24659202992916107,-0.10736250666528038,0.7092146138142964,-0.6890551908589253,0.10339665209839156,-81.97755964598117,-85.24355061574259,-144.26579398852695,-131.43710844290544,261.24894375257156,179.07384501788096
P01,freedrive,0,7.254324674606323,-0.3273507356643677,0.061441849917173386,0.24658679962158203,-0.10736538462454964,0.7092209453504916,-0.6890473957121768,0.10340218238917487,-81.97736840068441,-85.24532902624773,-144.26470115825975,-131.43754557501234,261.2484519789513,179.07404992355603
P01,freedrive,0,7.369658470153809,-0.3273598849773407,0.061440609395504,0.24658705294132233,-0.10736050332610031,0.7092268384934076,-0.6890444675872713,0.10338634132991674,-81.97840658943825,-85.24553265126237,-144.26422304501784,-131.43863840527953,261.24913499786834,179.07316199896394
P01,freedrive,0,7.486346244812012,-0.3273622393608093,0.0614585243165493,0.24659058451652527,-0.10736030414274085,0.7092230368913706,-0.6890471625189097,0.10339466553743956,-81.97859783473501,-85.2433457100675,-144.26579398852695,-131.43863840527953,261.24826073365455,179.07384501788096
P01,freedrive,0,7.586538791656494,-0.32735729217529297,0.06144673749804497,0.24659183621406555,-0.1073667186301373,0.7092206496502015,-0.6890476363876161,0.10340122160295197,-81.97840658943825,-85.24443982099517,-144.26470115825975,-131.4384198392261,261.2473864694408,179.07384501788096
P01,freedrive,0,7.703059196472168,-0.3273606598377228,0.0614553838968277,0.24658554792404175,-0.10736036987336828,0.7092272004661798,-0.6890428624831343,0.10339469406409176,-81.97840658943825,-85.24423491532006,-144.26558908285185,-131.43863840527953,261.2484519789513,179.07384501788096
P01,freedrive,0,7.8195977210998535,-0.3273610770702362,0.06146124377846718,0.24657884240150452,-0.10736582937654376,0.7092355334084931,-0.6890338508073974,0.10339192074135285,-81.97840658943825,-85.24443982099517,-144.26599889420206,-131.43953999024998,261.24826073365455,179.07316199896394
P01,freedrive,0,7.919633865356445,-0.32735905051231384,0.06144711375236511,0.24658530950546265,-0.1073670308844854,0.7092289898744565,-0.6890405987394677,0.10339058897919029,-81.97840658943825,-85.24512283991217,-144.26470115825975,-131.4391028581431,261.24826073365455,179.07295709328884
P01,freedrive,0,8.019815921783447,-0.32735615968704224,0.06144905090332031,0.24658454954624176,-0.10737636586191673,0.7092258864697629,-0.6890408929123081,0.10340022200206321,-81.97840658943825,-85.24512283991217,-144.26490606393483,-131.43863840527953,261.2467034505238,179.07295709328884
P01,freedrive,0,8.136255502700806,-0.32735827565193176,0.06143815815448761,0.24660037457942963,-0.10736448910686722,0.7092115182515768,-0.6890590093246477,0.10339037927510435,-81.97840658943825,-85.24423406154642,-144.26401813934274,-131.43773682030908,261.2484519789513,179.07316199896394
P01,freedrive,0,8.236603260040283,-0.3273620009422302,0.0614679679274559,0.24657322466373444,-0.10736581494184928,0.7092354768852264,-0.6890339134056489,0.10339190628939317,-81.97840658943825,-85.24443982099517,-144.26688681879415,-131.43863840527953,261.24826073365455,179.07316199896394
P01,freedrive,0,8.353646993637085,-0.32736021280288696,0.061455000191926956,0.24658414721488953,-0.1073767847275751,0.7092309040469359,-0.6890385192064805,0.10338118734119162,-81.97840658943825,-85.24443982099517,-144.26531587528504,-131.43973123554673,261.24826073365455,179.07138614977973
P01,freedrive,0,8.47006106376648,-0.3273608088493347,0.06144881621003151,0.2465881109237671,-0.10736457712676958,0.7092248605292054,-0.6890452317499923,0.10339058655563528,-81.97859783473501,-85.24464558044392,-144.26490606393483,-131.43863840527953,261.24826073365455,179.07316199896394
P01,freedrive,0,8.586711406707764,-0.327348530292511,0.06143750622868538,0.24660556018352509,-0.10737183742973988,0.7092103397026742,-0.6890566979026311,0.10340623608516598,-81.97736840068441,-85.24355104262942,-144.26381323366763,-131.43863840527953,261.24757771473753,179.07384501788096
P01,freedrive,0,8.686723947525024,-0.32735809683799744,0.06145036593079567,0.24658799171447754,-0.10736688070218936,0.7092245117930205,-0.6890448827608119,0.10339291243297395,-81.97821534414149,-85.24443982099517,-144.26511096960994,-131.43863840527953,261.24826073365455,179.07316199896394
P01,freedrive,0,8.803199529647827,-0.32735708355903625,0.06144348531961441,0.2465883493423462,-0.10736812741018543,0.7092193424454769,-0.6890502033682862,0.10339161840187525,-81.97821534414149,-85.24512283991217,-144.26470115825975,-131.43754557501234,261.24826073365455,179.07295709328884
P01,freedrive,0,8.903810739517212,-0.3273615837097168,0.061452146619558334,0.24658626317977905,-0.10736050332610031,0.7092268384934076,-0.6890444675872713,0.10338634132991674,-81.97840658943825,-85.24443896722153,-144.26531587528504,-131.43863840527953,261.24913499786834,179.07316199896394
P01,freedrive,0,9.020472049713135,-0.3273608982563019,0.061457209289073944,0.2465822994709015,-0.10735252163867176,0.7092308776316965,-0.6890391491943769,0.10340236549074353,-81.97840658943825,-85.24443982099517,-144.26579398852695,-131.43863840527953,261.2484519789513,179.07511543306657
P01,freedrive,0,9.136878490447998,-0.3273603916168213,0.06145631894469261,0.24658310413360596,-0.10736577653755262,0.7092304028846981,-0.6890391512250169,0.10339184557597167,-81.97840658943825,-85.24443982099517,-144.26558908285185,-131.4391028581431,261.24826073365455,179.07316199896394
P01,freedrive,0,9.238237142562866,-0.3273593783378601,0.0614488460123539,0.2465912401676178,-0.10736021583907028,0.7092230441797671,-0.6890468119720922,0.10339704333523568,-81.97840658943825,-85.24423406154642,-144.26490606393483,-131.43863840527953,261.24826073365455,179.07404992355603
P01,freedrive,0,9.353591442108154,-0.3273587226867676,0.06145721301436424,0.24658118188381195,-0.10736129523519662,0.7092294156799132,-0.6890386401150819,0.10340667603258806,-81.97840658943825,-85.24464686110439,-144.26579398852695,-131.4384198392261,261.2473864694408,179.07473294247305
P01,freedrive,0,9.453838586807251,-0.327362596988678,0.061459463089704514,0.24658000469207764,-0.10736612098829401,0.7092305334825337,-0.6890405928007982,0.1033809842898209,-81.97840658943825,-85.24443982099517,-144.26606719609376,-131.43863840527953,261.24913499786834,179.0722604139935
P01,freedrive,0,9.571310997009277,-0.32738426327705383,0.061521563678979874,0.24652834236621857,-0.10732884896569925,0.7092824704840094,-0.6889940623194284,0.10337348466783007,-81.97939013667873,-85.24423278088595,-144.27203678142834,-131.4404415752204,261.25186707353635,179.07471928209472
P01,freedrive,0,9.68732762336731,-0.3277609050273895,0.061321157962083817,0.24663203954696655,-0.10635935209299605,0.7093418036556333,-0.6892375747835602,0.10233992043873806,-81.99214893004832,-85.24464686110439,-144.25968779940897,-131.4356877635581,261.4031147825171,179.07206916869674
P01,freedrive,0,9.787760496139526,-0.33182835578918457,0.06028147041797638,0.2466847151517868,-0.09499475593449054,0.7110353921436869,-0.6907924637751058,0.09061147529722184,-82.0577733875938,-85.24443939410834,-144.2470382890661,-131.43500474464108,263.22734902680077,179.0726702253437
P01,freedrive,0,9.903933048248291,-0.34642866253852844,0.05776037275791168,0.24649536609649658,-0.053110702075811735,0.7159155967356728,-0.6945521006592613,0.04734438874277297,-82.18954139706169,-85.24443982099517,-144.24870485522356,-131.43729968820222,270.03325004412494,179.07206916869674
P01,freedrive,0,10.004115104675293,-0.3600725829601288,0.05700252577662468,0.24637651443481445,-0.014987776036626764,0.7180550685216595,-0.6957789054491565,0.007999991987771902,-82.34349386095377,-85.24443939410834,-144.24979768549076,-131.43658934852854,276.1643010506952,179.07206916869674
P01,freedrive,0,10.121051788330078,-0.373902291059494,0.057702917605638504,0.2463158667087555,0.023077796112588395,0.7180337584771632,-0.6949236678244217,-0.031241525430062676,-82.52790896854412,-85.24354976196895,-144.24959277981569,-131.43699915987872,282.24625665751137,179.07316199896394
P01,freedrive,0,10.237173795700073,-0.39020171761512756,0.0603141114115715,0.24631860852241516,0.06836027728193274,0.7151756962353495,-0.6912173705823549,-0.07790470210093609,-82.74234958772584,-85.2432812501572,-144.24731149663288,-131.43363870680707,289.50349657519,179.0724653196686
P01,freedrive,0,10.337260484695435,-0.39511504769325256,0.061468686908483505,0.2463180273771286,0.08317765530716605,0.7135903781409394,-0.689337605992848,-0.09318752516470423,-82.75060045624322,-85.2439642690742,-144.24751640230798,-131.43407583891397,291.95078067556227,179.0722604139935
P01,freedrive,0,10.437850713729858,-0.3965679407119751,0.06160959601402283,0.2465338557958603,0.0881509970182109,0.7128067931991909,-0.6888345808614819,-0.09819774693529196,-82.73000060570645,-85.24218500479542,-144.22466258934512,-131.42790134790428,292.78674118845845,179.07384501788096
P01,freedrive,0,10.554726362228394,-0.38977906107902527,0.054736461490392685,0.25092312693595886,0.07411872456846197,0.7113658652698215,-0.6940590609367107,-0.0821403696662848,-82.51796421311258,-85.2446472879912,-143.69088330570864,-131.42601621569335,290.53441800775505,179.07384501788096
P01,freedrive,0,10.671205759048462,-0.3766089975833893,0.042505647987127304,0.2594919502735138,0.04572846298378484,0.7076839081398962,-0.7032352555777159,-0.05052295661902541,-82.17456962240102,-85.24512283991217,-142.6799333462767,-131.42470481937272,285.9813865862679,179.07404992355603
P01,freedrive,0,10.771279573440552,-0.3616957664489746,0.027857374399900436,0.27135246992111206,-0.015731781409328082,-0.7004871825625606,0.7132779218453476,0.017459218975585555,-81.73762876081696,-85.24628183763696,-141.32306162614032,-131.42792866866097,281.28475726767033,179.07316199896394
P01,freedrive,0,10.87129259109497,-0.3479418456554413,0.015401587821543217,0.2824910581111908,0.010450717660583019,-0.6925697702360221,0.721197224559745,-0.010604675521816992,-81.26017121707639,-85.249723399205,-140.0838330842682,-131.43041485751883,277.34903834336893,179.0742411688528
P01,freedrive,0,10.987688779830933,-0.336370050907135,-0.0012267554411664605,0.2986540198326111,0.02786535774401077,-0.6807544242897136,0.7313562047896452,-0.030249584517241176,-80.82604439343038,-85.29270449899141,-138.29070352146476,-131.43112519719253,274.7524736284969,179.07384501788096
P01,freedrive,0,11.08784818649292,-0.3332616686820984,-0.01607557013630867,0.3123607635498047,0.02706285353647429,-0.67156308239744,0.7397730874977947,-0.03172392367430434,-80.73766174557042,-85.49898474966226,-136.6435624219812,-131.4329283671334,274.7644947614361,179.07335324426072
P01,freedrive,0,11.188345432281494,-0.3305111229419708,-0.03327092528343201,0.32494059205055237,0.025906551109093696,-0.6634197101890786,0.7470908611006426,-0.03253281423687775,-80.73880921735098,-86.11213339277525,-134.76164039996755,-131.43680791458198,274.771844044983,179.07404992355603
P01,freedrive,0,11.304748058319092,-0.3272155225276947,-0.05336729437112808,0.33467742800712585,0.025086920098530592,-0.6573098738135572,0.7524726803951683,-0.03315481090409372,-80.73880921735098,-87.2802521948681,-132.65363911642652,-131.43617953717833,274.77277295071013,179.07316199896394
P01,freedrive,0,11.42129635810852,-0.3232080340385437,-0.07739891856908798,0.34171029925346375,0.024507451739374627,-0.6528995616310257,0.7563009242606871,-0.03362230202837125,-80.73744317951697,-89.03658624795221,-130.2202476208261,-131.43863840527953,274.77225385633324,179.0735581499358
P01,freedrive,0,11.538357973098755,-0.31720930337905884,-0.11322270333766937,0.3457934260368347,0.024081430431651948,-0.6497055458980906,0.7590470013221843,-0.03391810904855789,-80.73951955702466,-92.06448297236695,-126.7060743117195,-131.4384198392261,274.7725543846567,179.07138614977973
P01,freedrive,0,11.654641151428223,-0.312949001789093,-0.1383868306875229,0.3450809121131897,0.02398542891703118,-0.6490282557462128,0.759625560444446,-0.03400044649936224,-80.74039382123843,-94.37950728965107,-124.28837859083175,-131.4381466316593,274.7712156675794,179.07316199896394
P01,freedrive,0,11.754678964614868,-0.3093146085739136,-0.15957365930080414,0.3408646881580353,0.024124726397315124,-0.6501510670393801,0.7586657920508026,-0.033879249928802764,-80.73976544383478,-96.53137204804193,-122.30638063709911,-131.43885697133297,274.77321008281706,179.07316199896394
P01,freedrive,0,11.85807991027832,-0.3075081408023834,-0.16981177031993866,0.3325589895248413,0.024648661112407398,-0.654183336604978,0.7551931836438571,-0.03346432416169845,-80.7411041609121,-97.98770498287205,-121.46402706713978,-131.43953999024998,274.77321008281706,179.07404992355603
P01,freedrive,0,11.971760749816895,-0.307148277759552,-0.17129063606262207,0.3207428753376007,0.025565494653676784,-0.6609343016066984,0.7492925809830817,-0.032754885536217984,-80.74293465160967,-98.94543410829124,-121.5378204309326,-131.44385666980543,274.771161026066,179.07206916869674
P01,freedrive,0,12.071798086166382,-0.30723297595977783,-0.17052215337753296,0.31761372089385986,0.0258374621085153,-0.6628514454667629,0.7475957787465984,-0.03257204928587055,-80.74225163269267,-99.10474144049262,-121.66827704407984,-131.44986723627503,274.76933053536845,179.0722604139935
P01,freedrive,0,12.171912908554077,-0.3081364333629608,-0.16489243507385254,0.3112785220146179,0.026396344974523454,-0.6671327258343311,0.7437778010271888,-0.03212073772503656,-80.74383623658011,-99.09416830765743,-122.33366041264414,-131.45762633117218,274.76952178066523,179.07336690463904
P01,freedrive,0,12.27351450920105,-0.3099420368671417,-0.15345948934555054,0.2991746664047241,0.027502058010734787,-0.6753452404729055,0.736325858332927,-0.03125177316642939,-80.74383623658011,-99.04777766281471,-123.65803409270961,-131.4606042936503,274.7700408750421,179.0735581499358
P01,freedrive,0,12.388574123382568,-0.3156314194202423,-0.11857637763023376,0.2699137330055237,0.03021618516787687,-0.6955293965105613,0.7172756145652414,-0.029009196707426074,-80.75345314293149,-98.52166185142697,-127.50013844424684,-131.3506109272564,274.7688934032616,179.07336690463904
P01,freedrive,0,12.488660097122192,-0.3205854892730713,-0.08824818581342697,0.2526363432407379,-0.03205375764679781,0.7088255327762214,-0.7041179579042692,0.027510399160099702,-80.75460061471205,-97.54948004572402,-130.63234025420962,-131.3512939461734,274.769631063692,179.07316199896394
P01,freedrive,0,12.588708877563477,-0.32558318972587585,-0.05817200616002083,0.2392652928829193,-0.033545034623289005,0.719688209989949,-0.6929903965167231,0.026228255549701655,-80.7605565396683,-96.33231301487108,-133.65002711254797,-131.3469226251046,274.7698223089887,179.07286147064048
P01,freedrive,0,12.705176830291748,-0.3300430476665497,-0.03139021247625351,0.23080028593540192,-0.034584489218177215,0.7270971641434802,-0.6851941445881048,0.025349777557250458,-80.76372574744319,-94.94693208513905,-136.27973190527294,-131.34484624759693,274.7688934032616,179.0724653196686
P01,freedrive,0,12.80521273612976,-0.33279773592948914,-0.01506143156439066,0.2309160977602005,-0.03471047007984606,0.7280024779759824,-0.6842295427482572,0.02524892390134974,-80.76328861533631,-93.53543251202089,-137.8421513382917,-131.34670405905118,274.769111969315,179.07316199896394
P01,freedrive,0,12.905295372009277,-0.3337806761264801,-0.00968917552381754,0.23612229526042938,-0.0342253628147295,0.7247311373449494,-0.6877046729138868,0.025606365523054456,-80.76511910603386,-92.50161507924777,-138.32056510851606,-131.35082949330985,274.7709697807693,179.0726702253437
P01,freedrive,0,13.005398511886597,-0.33389171957969666,-0.009283408522605896,0.2392207235097885,-0.03391104958853008,0.7226269292568283,-0.6899225757096947,0.02583024108969052,-80.76558355889743,-92.13114561866627,-138.33650677003888,-131.35222285190054,274.7735106111405,179.0722604139935
P01,freedrive,0,13.10851526260376,-0.33387982845306396,-0.00932958535850048,0.23918068408966064,-0.03390106184961093,0.7226585146973336,-0.6898905036168526,0.025816315775077377,-80.76443608711686,-92.13934184567029,-138.33240865653687,-131.35328836141105,274.77665249815874,179.0726702253437
P01,freedrive,0,13.222018003463745,-0.3339114189147949,-0.009341072291135788,0.23920157551765442,-0.033837665880182236,0.7226377344775197,-0.6899181213814618,0.025743015877187157,-80.76599337024763,-92.1382216946464,-138.3314934111881,-131.3512939461734,274.78616012148336,179.0715773950765
P01,freedrive,0,13.322132110595703,-0.3338986039161682,-0.009343269281089306,0.23919974267482758,-0.03384660833622189,0.7226344738469784,-0.6899206443020636,0.02575517186625651,-80.76468197392698,-92.13844026069985,-138.3316983168632,-131.35041968195964,274.7857503101332,179.0717823007516
P01,freedrive,0,13.422202825546265,-0.3339037001132965,-0.009338474832475185,0.23919250071048737,-0.03385013651831065,0.7226549849378475,-0.6898987165655154,0.02576241222063277,-80.76558355889743,-92.1389047135634,-138.331288505513,-131.35380745578797,274.7840017817057,179.0724653196686
P01,freedrive,0,13.538881778717041,-0.3338981568813324,-0.009342459961771965,0.23918497562408447,-0.033845576829607774,0.7226549863585381,-0.6898984198985904,0.02577630387857329,-80.76511910603386,-92.14002486458729,-138.331288505513,-131.3526599840074,274.7836739326255,179.07395430090767
P01,freedrive,0,13.638911724090576,-0.3338949978351593,-0.00932222604751587,0.23916907608509064,-0.033867373194710094,0.7226731592011153,-0.6898786844860313,0.02576638692157938,-80.76443608711686,-92.13980629853386,-138.33309167545386,-131.35427190865153,274.7834826873287,179.0717823007516
P01,freedrive,0,13.738970756530762,-0.33389341831207275,-0.0093198511749506,0.23916471004486084,-0.03385944781869596,0.7226784876818713,-0.6898731069484088,0.025776686067175467,-80.76421752106343,-92.14002486458729,-138.33329658112896,-131.35468172000174,274.7834826873287,179.07336690463904
P01,freedrive,0,13.83903193473816,-0.33388710021972656,-0.009349185973405838,0.23919959366321564,-0.03386667347143046,0.7226529666973853,-0.6898993801570389,0.025779515324787776,-80.76421752106343,-92.1389047135634,-138.33022299600248,-131.35468172000174,274.78263574387165,179.0724653196686
P01,freedrive,0,13.939116954803467,-0.3338860273361206,-0.009332156740128994,0.239175945520401,-0.03386451198174221,0.7226692808427381,-0.6898825549153184,0.02577529394577007,-80.76350718138974,-92.13980629853386,-138.33220375086177,-131.354490474705,274.78389249867894,179.0726702253437
P01,freedrive,0,14.039178133010864,-0.33389219641685486,-0.00933100376278162,0.23917442560195923,-0.03387325568825317,0.7226688732204388,-0.6898828025080948,0.025768605529924393,-80.76443608711686,-92.14002486458729,-138.33220375086177,-131.35427190865153,274.7828269891684,179.07138614977973
P01,freedrive,0,14.155879497528076,-0.33389222621917725,-0.009318378753960133,0.2391556203365326,-0.03387753288790053,0.7226770511404074,-0.6898737541375333,0.025775877727451352,-80.76443608711686,-92.14095377031441,-138.33377469437087,-131.35317907838433,274.7818980834413,179.0717823007516
P01,freedrive,0,14.256172180175781,-0.3338748812675476,-0.00932988803833723,0.23916275799274445,-0.033887396528144716,0.7226763756892741,-0.6898736160269393,0.025785544149286244,-80.76263291717598,-92.14092644955772,-138.33268186410368,-131.35427190865153,274.78211664949475,179.0717823007516
P01,freedrive,0,14.372632265090942,-0.33389532566070557,-0.009311825968325138,0.2391623556613922,-0.03386745905175317,0.7226853818951041,-0.6898655750366959,0.02577445230833107,-80.76443608711686,-92.13958773248041,-138.33377469437087,-131.355856512539,274.7828269891684,179.0726702253437
P01,freedrive,0,14.472757577896118,-0.3338935673236847,-0.009325563907623291,0.23917390406131744,-0.033870947225329864,0.7226705085121633,-0.6898812179709042,0.02576820039916887,-80.76443608711686,-92.13958773248041,-138.33268186410368,-131.354490474705,274.78304555522186,179.0715773950765
P01,freedrive,0,14.572765111923218,-0.33387506008148193,-0.009328413754701614,0.23915506899356842,-0.033884432445484246,0.7226859986611953,-0.6898635682574401,0.025788558859124608,-80.76263291717598,-92.14160946847473,-138.33268186410368,-131.35517349362198,274.78211664949475,179.0724653196686
P01,freedrive,0,14.67290472984314,-0.33387720584869385,-0.009327569976449013,0.23916101455688477,-0.03388930376731041,0.7226816781693098,-0.6898681301725189,0.025781196652397052,-80.76285148322943,-92.14092644955772,-138.33268186410368,-131.35517349362198,274.78211664949475,179.07138614977973
P01,freedrive,0,14.772964715957642,-0.3338874280452728,-0.009315121918916702,0.2391621619462967,-0.03387759057635504,0.7226850171503169,-0.6898652675128946,0.025779595081177893,-80.76372574744319,-92.13980629853386,-138.33356978869577,-131.355856512539,274.7823078947915,179.0722604139935
P01,freedrive,0,14.873910903930664,-0.3338843286037445,-0.009311296045780182,0.23916073143482208,-0.03387675061278144,0.72269016492687,-0.6898593901480521,0.02579366415325017,-80.76350718138974,-92.13958773248041,-138.33377469437087,-131.35673077675276,274.78143363057774,179.0735581499358
P01,freedrive,0,14.989323139190674,-0.3338763415813446,-0.009304077364504337,0.23915383219718933,-0.033895551432468134,0.7226883018222132,-0.689860388764098,0.025794457091824954,-80.76263291717598,-92.13958773248041,-138.33493582652977,-131.3554193804321,274.7807506116607,179.07206916869674
P01,freedrive,0,15.089609622955322,-0.3338703513145447,-0.009299756027758121,0.23914919793605804,-0.03390514423882671,0.7226943258141693,-0.6898535379747903,0.025796293799931393,-80.7619225775023,-92.13958773248041,-138.33534563787998,-131.3561023993491,274.780559366364,179.0715773950765
P01,freedrive,0,15.18974256515503,-0.33386707305908203,-0.009278646670281887,0.23911967873573303,-0.03391033705737827,0.7227300239650742,-0.6898156246196834,0.025803207759005055,-80.7612395585853,-92.14073520426098,-138.33698488328076,-131.35929892788067,274.78031347955385,179.0724653196686
P01,freedrive,0,15.306458711624146,-0.33392804861068726,-0.008947634138166904,0.23885053396224976,-0.03395831825264349,0.7230773882715664,-0.6894510119980454,0.02575315993608518,-80.76214114355574,-92.13980629853386,-138.3631718285586,-131.39222043968013,274.78031347955385,179.0717823007516
P01,freedrive,0,15.423144340515137,-0.33441174030303955,-0.0058997273445129395,0.23633721470832825,-0.034216967028052006,0.7249500271560375,-0.6874764671762654,0.025549253858053022,-80.76173133220554,-92.13980629853386,-138.6705713223442,-131.39907794960683,274.7800949135004,179.0735581499358
P01,freedrive,0,15.541256666183472,-0.33596667647361755,0.0038115475326776505,0.22852429747581482,-0.035049797006888234,0.7306989619520534,-0.681345539946903,0.02487556886647234,-80.7619225775023,-92.1389047135634,-139.64664633587404,-131.3947339492947,274.77870155490973,179.0726702253437
P01,freedrive,0,15.65663480758667,-0.33668866753578186,0.008295953273773193,0.22502318024635315,-0.03543437921566656,0.7332914869417408,-0.6785454566607049,0.024577697074513644,-80.76285148322943,-92.1368556568124,-140.09313580191778,-131.39107296789956,274.77594215848507,179.0722604139935
P01,freedrive,0,15.756664276123047,-0.33680400252342224,0.009151972830295563,0.22452476620674133,-0.03554595639634065,0.7336288105444368,-0.6781741390789603,0.024598585478336075,-80.76235970960919,-92.11789505167644,-140.17903226091985,-131.38216640122187,274.766379893647,179.0717823007516
P01,freedrive,0,15.856699466705322,-0.33683064579963684,0.009340662509202957,0.22662575542926788,-0.035383344190801476,0.7321536643246681,-0.6797671412998827,0.024812585089466748,-80.76031065285818,-91.86056084450705,-140.18664109165525,-131.38123749549476,274.7613528744179,179.0708943761595
P01,freedrive,0,15.956783056259155,-0.3373299241065979,0.01221990492194891,0.2313699722290039,-0.034982665635674676,0.7288753236635356,-0.6832849239289677,0.0252722850328904,-80.75804303005374,-91.05927037183783,-140.43330654334108,-131.38055447657774,274.75222774168674,179.0710992818346
P01,freedrive,0,16.05686092376709,-0.3386884331703186,0.020688310265541077,0.23773333430290222,-0.03472190307422704,0.7244005709851206,-0.6880065117764304,0.026177126591051716,-80.75574808649262,-89.54899418984087,-141.19263233374974,-131.38074572187452,274.69318758650115,179.07040260253925
P01,freedrive,0,16.173377990722656,-0.3401789963245392,0.03432561084628105,0.24588848650455475,-0.03647009727584916,0.7180870912685331,-0.694366111111292,0.02960684208706211,-80.75391759579504,-87.30307761985722,-142.40684872288125,-131.38211175970852,274.2621206876033,179.0710992818346
P01,freedrive,0,16.290095329284668,-0.34232330322265625,0.059214141219854355,0.25385427474975586,-0.04184837298650066,0.7102760130575965,-0.7017095142359953,0.03688436774666882,-80.75369902974161,-83.83667678823983,-144.6498282048001,-131.3817019483583,273.21972453723265,179.07019769686417
P01,freedrive,0,16.406906366348267,-0.343768835067749,0.07694820314645767,0.25771063566207886,0.04599131471323717,-0.7051193449751255,0.7063398096357839,-0.04213765105558671,-80.75369902974161,-81.44795771801904,-146.25171247084316,-131.38080036338786,272.4465471231872,179.07217845172346
P01,freedrive,0,16.523559093475342,-0.34582847356796265,0.09236273169517517,0.26211774349212646,0.0471280375513014,-0.6991813321258852,0.712003125935952,-0.04445178894790041,-80.75596665254605,-79.12649167857394,-147.62735355081875,-131.3855541750502,272.15118242271916,179.0713041875097
P01,freedrive,0,16.623750925064087,-0.34715643525123596,0.10030097514390945,0.261218398809433,0.047074816242281714,-0.6986757386438925,0.7124996648346629,-0.04450170240181199,-80.75555684119585,-78.2862477832945,-148.38361941647926,-131.3879037601247,272.15071796985563,179.0713041875097
P01,freedrive,0,16.740359783172607,-0.34900107979774475,0.11166159808635712,0.25257977843284607,0.04771420052777722,-0.7043838001913116,0.7068475582170246,-0.04396983669143296,-80.75757857719017,-78.02838338269078,-149.57063799233578,-131.3841608164595,272.1526850643366,179.0710992818346
P01,freedrive,0,16.840474367141724,-0.350389689207077,0.12049760669469833,0.2445840686559677,-0.048402513383416966,0.7100548012419434,-0.7011341914614525,0.04347667759992349,-80.75509238833229,-78.02927472237747,-150.5028905121508,-131.3785327405834,272.15159223406937,179.07019769686417
P01,freedrive,0,16.94057536125183,-0.3504456877708435,0.12090837955474854,0.24421589076519012,-0.04843326874629357,0.7103162179219189,-0.7008671534944932,0.043477835596734286,-80.75391759579504,-78.02947962805256,-150.54618025111034,-131.37798632544983,272.15071796985563,179.07217845172346
P01,freedrive,0,17.0578510761261,-0.3501932919025421,0.11934240162372589,0.24560628831386566,-0.04832827280939594,0.7093069525645233,-0.7018907042719835,0.043559893795425825,-80.75345314293149,-78.02995688752081,-150.38314363562213,-131.37506300448504,272.1509092151524,179.07040260253925
P01,freedrive,0,17.17396879196167,-0.34983348846435547,0.11711335182189941,0.24760329723358154,-0.04816828623826337,0.7078881198641941,-0.7033244902789293,0.04369081516622918,-80.75277012401449,-78.02995688752081,-150.1490047508741,-131.37683885366926,272.1509092151524,179.07019769686417
P01,freedrive,0,17.274328470230103,-0.34951791167259216,0.11519971489906311,0.24932342767715454,-0.04802858044536267,0.7066556752621074,-0.7045651615732689,0.04380576648675503,-80.75074838802016,-78.03063990643781,-149.94838843457248,-131.37530889129516,272.1522752529864,179.07019769686417
P01,freedrive,0,17.39104461669922,-0.34936344623565674,0.11413706839084625,0.25029200315475464,-0.0479323231280758,0.705971957132277,-0.7052540191850633,0.043850388432516645,-80.75277012401449,-78.03063990643781,-149.83563567175392,-131.3762104762656,272.1529582719034,179.07019769686417
P01,freedrive,0,17.507401943206787,-0.34934455156326294,0.11397181451320648,0.25042977929115295,-0.04788532327719358,0.7058861030285358,-0.7053442372201822,0.04383277753126381,-80.75214174661085,-78.03197862351514,-149.81824601012707,-131.37779508015305,272.15864098929285,179.0710992818346
P01,freedrive,0,17.607516765594482,-0.34936827421188354,0.11398885399103165,0.25041472911834717,-0.04786226548339569,0.7059133085917656,-0.7053203615827605,0.04380401616961363,-80.7548191807655,-78.03244819902058,-149.81892902904406,-131.38074572187452,272.16022559318026,179.0710992818346
P01,freedrive,0,17.707531213760376,-0.34936079382896423,0.1140095442533493,0.25038737058639526,-0.04788175115963583,0.7059373694454435,-0.7052940565290668,0.043818513793915305,-80.75369902974161,-78.03337198210582,-149.82118299147018,-131.3817019483583,272.15864098929285,179.0710992818346
P01,freedrive,0,17.80753254890442,-0.34937751293182373,0.11403416842222214,0.25036802887916565,-0.0478750701518587,0.7059549297760939,-0.7052781190722061,0.04379942397744777,-80.75552952043917,-78.03337198210582,-149.82325936897786,-131.3823849672753,272.1589415176163,179.07040260253925
P01,freedrive,0,17.907675743103027,-0.3493664562702179,0.11402951925992966,0.25037410855293274,-0.04786877045735446,0.7059466962932199,-0.7052856807710413,0.04381724896565558,-80.75369902974161,-78.03266164243215,-149.82325936897786,-131.3817019483583,272.1598157818301,179.0721921121018
P01,freedrive,0,18.024234771728516,-0.34936973452568054,0.1140391156077385,0.25036129355430603,-0.047870516422168906,0.7059608049511097,-0.7052721924951245,0.04380513695191693,-80.75369902974161,-78.03316622265707,-149.82414729356995,-131.38260353332876,272.16069004604384,179.0713041875097
P01,freedrive,0,18.124325037002563,-0.3493703603744507,0.11403089016675949,0.2503693997859955,-0.0478820471711187,0.7059545012421146,-0.7052776308872722,0.04380656463061724,-80.75460061471205,-78.03337112833218,-149.82305446330275,-131.38260353332876,272.1587229515629,179.07040260253925
P01,freedrive,0,18.224390983581543,-0.34936589002609253,0.1140255481004715,0.2503720223903656,-0.047872530819046875,0.7059470813553793,-0.7052856486308215,0.043807453180961214,-80.75350778444485,-78.03337198210582,-149.82305446330275,-131.3812921370081,272.16049880074706,179.0710992818346
P01,freedrive,0,18.324453115463257,-0.3493767976760864,0.11403131484985352,0.2503693997859955,-0.04786940984397578,0.7059512657454493,-0.7052826208476481,0.04379217651430457,-80.75501042606224,-78.03337198210582,-149.82325936897786,-131.3817019483583,272.16049880074706,179.07019769686417
P01,freedrive,0,18.441179752349854,-0.3493712246417999,0.11403387784957886,0.2503603994846344,-0.047881659646722134,0.7059518176442029,-0.7052804905227174,0.04380419525977805,-80.75460061471205,-78.03425990669793,-149.82394238789485,-131.38039055203765,272.1589415176163,179.07019769686417
P01,freedrive,0,18.54119896888733,-0.349381685256958,0.11404123157262802,0.25036168098449707,-0.047860675578062006,0.7059615404559502,-0.7052723915383989,0.043800831772703934,-80.75572076573593,-78.03337198210582,-149.82394238789485,-131.38260353332876,272.1598157818301,179.0717823007516
P01,freedrive,0,18.641213178634644,-0.34937939047813416,0.11404690891504288,0.2503650188446045,-0.04786513573764472,0.7059516056983167,-0.7052823051661875,0.043796452050983425,-80.75501042606224,-78.03204180276497,-149.82483031248697,-131.38148338230488,272.16049880074706,179.0708943761595
P01,freedrive,0,18.741295099258423,-0.34936755895614624,0.11404255777597427,0.2503504753112793,-0.04787390238266037,0.7059688467358894,-0.7052631277518208,0.043817776561261956,-80.75369902974161,-78.03425905292428,-149.82462540681186,-131.3823849672753,272.1594059704799,179.0721921121018
P01,freedrive,0,18.858166694641113,-0.34937939047813416,0.11402838677167892,0.2503730356693268,-0.04786158145251687,0.7059490923609788,-0.7052850965953331,0.04379589633842416,-80.75552952043917,-78.03337198210582,-149.82283589724932,-131.3817019483583,272.16030755545034,179.0710992818346
P01,freedrive,0,18.95824933052063,-0.34937232732772827,0.11403471231460571,0.2503608465194702,-0.047868416244969667,0.7059583742349003,-0.7052743513238606,0.043811847011081394,-80.75460061471205,-78.03405500102282,-149.82373748221977,-131.3817019483583,272.1594059704799,179.0719872064267
P01,freedrive,0,19.074965000152588,-0.3493785262107849,0.11404842883348465,0.2503463625907898,-0.04785744122650526,0.7059688004288159,-0.7052654656172563,0.04379887153825904,-80.75460061471205,-78.03425905292428,-149.82530842572885,-131.38148338230488,272.16137306496086,179.0719872064267
P01,freedrive,0,19.17503309249878,-0.3493683934211731,0.11402291059494019,0.25036144256591797,-0.047861936397090486,0.70596002003741,-0.7052735533583965,0.04380525181210047,-80.75369902974161,-78.03514612374273,-149.82283589724932,-131.3817019483583,272.16137306496086,179.0719872064267
P01,freedrive,0,19.27504014968872,-0.34937605261802673,0.11404198408126831,0.25035181641578674,-0.04786390401977087,0.7059655135385517,-0.7052685564325368,0.043795019052408374,-80.75438204865861,-78.03425819915063,-149.82462540681186,-131.3817019483583,272.16137306496086,179.0710992818346
P01,freedrive,0,19.391838312149048,-0.3493789732456207,0.1140439435839653,0.25035902857780457,-0.047865443543973006,0.7059543819137976,-0.7052798957448908,0.0437901658951277,-80.7548191807655,-78.03316793020437,-149.82483031248697,-131.38080036338786,272.1611818196641,179.07040260253925
P01,freedrive,0,19.49189281463623,-0.3493790328502655,0.11403823643922806,0.25035765767097473,-0.04787586286406285,0.7059646888429567,-0.7052686854016194,0.043793164463881526,-80.75552952043917,-78.03425905292428,-149.82373748221977,-131.38260353332876,272.1594059704799,179.06999279118907
P01,freedrive,0,19.608294010162354,-0.3493686318397522,0.11403455585241318,0.25036704540252686,-0.04787219589334996,0.7059542390800796,-0.7052786204455167,0.04380562438412945,-80.75369902974161,-78.03296473207656,-149.82373748221977,-131.38216640122187,272.16049880074706,179.0710992818346
P01,freedrive,0,19.708540201187134,-0.34937524795532227,0.11403855681419373,0.25036346912384033,-0.04786717596519126,0.7059584970118701,-0.7052750701438312,0.0437996506318576,-80.75460061471205,-78.03316878397801,-149.82394238789485,-131.3823849672753,272.16049880074706,179.0710992818346
P01,freedrive,0,19.825119495391846,-0.3493761122226715,0.11404459178447723,0.25035005807876587,-0.04786809896536104,0.7059664115717293,-0.7052671298806602,0.043798930853092465,-80.75460061471205,-78.03425819915063,-149.82483031248697,-131.3817019483583,272.16049880074706,179.0710992818346
P01,freedrive,0,19.92514681816101,-0.3493766784667969,0.11404760926961899,0.25035354495048523,-0.047868761416708844,0.7059721240265889,-0.705261398253402,0.043798423618586775,-80.75460061471205,-78.03337198210582,-149.82462540681186,-131.38372368435265,272.16049880074706,179.0710992818346
P01,freedrive,0,20.025259017944336,-0.3493823707103729,0.11404505372047424,0.2503512501716614,-0.04785577958536349,0.7059677251603834,-0.7052665957230592,0.04379982133932979,-80.75552952043917,-78.03425819915063,-149.82462540681186,-131.38197515592512,272.16049880074706,179.0721921121018
P01,freedrive,0,20.126044511795044,-0.34936901926994324,0.11405159533023834,0.2503437399864197,-0.04788126739768371,0.7059739744486738,-0.7052579438594684,0.043810549604514776,-80.75369902974161,-78.03405500102282,-149.82551333140395,-131.38260353332876,272.1594059704799,179.0710992818346
P01,freedrive,0,20.242279291152954,-0.3493727743625641,0.11403302848339081,0.25035369396209717,-0.04787230450246372,0.7059648571963422,-0.7052684961374523,0.043797388294143494,-80.75438204865861,-78.03514270864815,-149.82373748221977,-131.3817019483583,272.16049880074706,179.07060750821435
P01,freedrive,0,20.358917713165283,-0.3493778705596924,0.11403507739305496,0.2503603398799896,-0.04786492050478973,0.7059600818578676,-0.7052743304324235,0.043788480692979914,-80.7548191807655,-78.03405500102282,-149.82373748221977,-131.38192051441175,272.16137306496086,179.07040260253925
P01,freedrive,0,20.47567892074585,-0.3493763506412506,0.11404385417699814,0.2503499984741211,-0.04786884429356124,0.7059707070902047,-0.7052633191634706,0.04379023999796892,-80.75438204865861,-78.03425734537699,-149.82462540681186,-131.38260353332876,272.16137306496086,179.07040260253925
P01,freedrive,0,20.57579278945923,-0.3493737280368805,0.11402937024831772,0.25036531686782837,-0.047872734707185324,0.705958093426177,-0.7052754414629733,0.043794100823520886,-80.75460061471205,-78.03405500102282,-149.82305446330275,-131.3823849672753,272.16049880074706,179.07019769686417
P01,freedrive,0,20.692368268966675,-0.34937912225723267,0.11402693390846252,0.2503693997859955,-0.04786733575154438,0.7059504444687713,-0.7052837069071264,0.04379019175267147,-80.75552952043917,-78.03405500102282,-149.82283589724932,-131.3812921370081,272.16030755545034,179.07019769686417
P01,freedrive,0,20.809075832366943,-0.3493749797344208,0.11402598023414612,0.2503681182861328,-0.047861792380792086,0.7059588466772679,-0.7052754198169373,0.04379426709333585,-80.75460061471205,-78.03405500102282,-149.82263099157421,-131.3827947786255,272.16137306496086,179.0710992818346
P01,freedrive,0,20.909138441085815,-0.349379301071167,0.11405093222856522,0.25033730268478394,-0.04786334119799565,0.7059838673005735,-0.7052504917615218,0.04379067881207683,-80.75460061471205,-78.03514100110085,-149.82530842572885,-131.383095306949,272.1615916310143,179.0710992818346
P01,freedrive,0,21.009172201156616,-0.34938228130340576,0.11404727399349213,0.25034406781196594,-0.047860921174369325,0.7059798397116379,-0.7052542724159659,0.043797367319251344,-80.75552952043917,-78.03493951052035,-149.82462540681186,-131.38331387300244,272.16030755545034,179.0717823007516
P01,freedrive,0,21.1099693775177,-0.34937795996665955,0.11404678225517273,0.2503557801246643,-0.047863612290801695,0.7059642447857618,-0.7052698506962283,0.04379494721385923,-80.75460061471205,-78.0331721990726,-149.82483031248697,-131.3823849672753,272.1611818196641,179.0710992818346
P01,freedrive,0,21.225747108459473,-0.34937700629234314,0.11403600126504898,0.2503589689731598,-0.04786791669358592,0.7059640313303277,-0.7052703524719801,0.04378560200907222,-80.75460061471205,-78.03405500102282,-149.82373748221977,-131.38260353332876,272.1615916310143,179.06999279118907
P01,freedrive,0,21.325870513916016,-0.34937989711761475,0.11404768377542496,0.2503480911254883,-0.04785389673001787,0.7059761656554056,-0.7052586449644952,0.0437938557001808,-80.75460061471205,-78.03405585479648,-149.82483031248697,-131.38331387300244,272.16208340463453,179.0719872064267
P01,freedrive,0,21.425960302352905,-0.34937089681625366,0.11404041200876236,0.25035360455513,-0.047870187141970826,0.7059624524287327,-0.705270919366189,0.04379944337742848,-80.75369902974161,-78.03405500102282,-149.82462540681186,-131.38148338230488,272.1611818196641,179.0708943761595
P01,freedrive,0,21.54255199432373,-0.34938302636146545,0.11404933780431747,0.2503436207771301,-0.04786698969906978,0.7059794778235199,-0.7052547449360083,0.04378895904706131,-80.75552952043917,-78.03473801993982,-149.82483031248697,-131.38331387300244,272.16049880074706,179.07060750821435
P01,freedrive,0,21.642602920532227,-0.34937503933906555,0.11403775960206985,0.2503575384616852,-0.04786706335895242,0.7059684384879219,-0.7052651036806593,0.0438000186600856,-80.75460061471205,-78.03405500102282,-149.82373748221977,-131.38331387300244,272.16049880074706,179.0713041875097
P01,freedrive,0,21.742616415023804,-0.3493746817111969,0.11403485387563705,0.25036829710006714,-0.047862537190019296,0.7059550879143862,-0.7052785155917557,0.043804187313712224,-80.75460061471205,-78.03296985471844,-149.82353257654466,-131.3823849672753,272.16049880074706,179.0717823007516
P01,freedrive,0,21.84269094467163,-0.3493753671646118,0.11402881145477295,0.25035905838012695,-0.047862585119658414,0.705965690178993,-0.7052685542611915,0.04379364801075937,-80.75460061471205,-78.03493951052035,-149.82305446330275,-131.38260353332876,272.16137306496086,179.0710992818346
P01,freedrive,0,21.94273018836975,-0.3493693470954895,0.11404234915971756,0.2503468990325928,-0.047876841858833306,0.7059730223369863,-0.7052596143505411,0.04380383672843293,-80.75369902974161,-78.03473801993982,-149.82462540681186,-131.38260353332876,272.16030755545034,179.0708943761595
P01,freedrive,0,22.042778968811035,-0.3493746221065521,0.11403558403253555,0.25035327672958374,-0.04787047533197488,0.7059649756244892,-0.7052685549617256,0.04379653142892191,-80.75460061471205,-78.03493780297305,-149.82394238789485,-131.3817019483583,272.16049880074706,179.0706894704844
P01,freedrive,0,22.142956495285034,-0.3493848741054535,0.11404766142368317,0.25034984946250916,-0.04785130876015732,0.7059751091012371,-0.7052600321841446,0.04379137566982807,-80.7555021996825,-78.03405500102282,-149.82462540681186,-131.38331387300244,272.1615916310143,179.0719872064267
P01,freedrive,0,22.259739875793457,-0.3493867814540863,0.1140395849943161,0.2503606975078583,-0.047852454533984685,0.7059625682915321,-0.7052722869297535,0.04379493184344574,-80.75637646389625,-78.0338552179896,-149.82373748221977,-131.3823849672753,272.16030755545034,179.0719872064267
P01,freedrive,0,22.35983657836914,-0.3493790328502655,0.11405181139707565,0.2503396272659302,-0.04785730999220983,0.7059786226690384,-0.7052556183374417,0.04379925819131964,-80.75460061471205,-78.03473801993982,-149.82551333140395,-131.3823849672753,272.16137306496086,179.0721921121018
P01,freedrive,0,22.476346015930176,-0.3493770360946655,0.11403942853212357,0.25034958124160767,-0.04786149740897087,0.7059672409922579,-0.7052670056318778,0.04379477684148214,-80.75460061471205,-78.03493609542576,-149.82442050113676,-131.38148338230488,272.16137306496086,179.0713041875097
P01,freedrive,0,22.57660937309265,-0.34937751293182373,0.11404423415660858,0.250353068113327,-0.047869512042233775,0.7059668463813662,-0.7052672070450094,0.04378913442988711,-80.75460061471205,-78.0338552179896,-149.82462540681186,-131.3823849672753,272.1611818196641,179.07019769686417
P01,freedrive,0,22.67675542831421,-0.34937581419944763,0.11404227465391159,0.2503451108932495,-0.04786587706505263,0.7059735997327647,-0.7052603109744516,0.04379529720615124,-80.75440936941528,-78.03513758600627,-149.82462540681186,-131.38216640122187,272.1611818196641,179.0710992818346
P01,freedrive,0,22.793256282806396,-0.3493804335594177,0.11404822021722794,0.2503494322299957,-0.04786057209952942,0.705960663278401,-0.7052743158207395,0.043784095119272684,-80.75460061471205,-78.0338552179896,-149.82551333140395,-131.38039055203765,272.16230197068796,179.07040260253925
P01,freedrive,0,22.893460750579834,-0.3493833839893341,0.11405153572559357,0.25034594535827637,-0.047861355860671556,0.7059822615503887,-0.7052523430769891,0.04378892069683433,-80.75531095438573,-78.03405500102282,-149.82483031248697,-131.38437938251295,272.1611818196641,179.0710992818346
P01,freedrive,0,23.009968757629395,-0.3493747115135193,0.11404368281364441,0.2503504753112793,-0.04787515039552703,0.7059688473350871,-0.7052644992572309,0.04379432217104843,-80.75440936941528,-78.0342539302824,-149.82462540681186,-131.3823849672753,272.16049880074706,179.07019769686417
P01,freedrive,0,23.110731840133667,-0.34937456250190735,0.11404308676719666,0.25034600496292114,-0.0478646169503758,0.7059737596310189,-0.7052596363665505,0.04380495940825639,-80.75440936941528,-78.0349369491994,-149.82462540681186,-131.3823849672753,272.16049880074706,179.0719872064267
P01,freedrive,0,23.226993322372437,-0.34937527775764465,0.11404768377542496,0.2503419518470764,-0.047868667365355916,0.705972170076294,-0.7052612058981824,0.04380088146915144,-80.75440936941528,-78.0349369491994,-149.82530842572885,-131.38148338230488,272.16049880074706,179.0713041875097
P01,freedrive,0,23.343409538269043,-0.34937551617622375,0.11404305696487427,0.25035446882247925,-0.04787565923026615,0.7059621490536081,-0.7052712120427278,0.04379363904336248,-80.75460061471205,-78.0338569255369,-149.82462540681186,-131.3817019483583,272.16030755545034,179.06999279118907
P01,freedrive,0,23.44346332550049,-0.3493841588497162,0.11404482275247574,0.2503429055213928,-0.04787174086080678,0.7059733641019391,-0.7052604925733095,0.04378976159788414,-80.75615789784281,-78.03561826056911,-149.82462540681186,-131.3817019483583,272.1594059704799,179.07019769686417
P01,freedrive,0,23.543493509292603,-0.3493746519088745,0.11403780430555344,0.2503575384616852,-0.04787076295235821,0.705968205675487,-0.705265168885865,0.04379867790338865,-80.75460061471205,-78.03405500102282,-149.82373748221977,-131.38331387300244,272.16030755545034,179.0708943761595
P01,freedrive,0,23.660220623016357,-0.34937819838523865,0.1140461266040802,0.25035127997398376,-0.047864186422535406,0.70596854276622,-0.7052656848109802,0.04379212384376703,-80.75460061471205,-78.0338569255369,-149.82483031248697,-131.3823849672753,272.16137306496086,179.0708943761595
P01,freedrive,0,23.760281324386597,-0.3493907153606415,0.1140512153506279,0.25034186244010925,-0.047858791917638546,0.7059783137285378,-0.7052572763613428,0.0437759148456644,-80.75637646389625,-78.03493524165211,-149.8250488785404,-131.38260353332876,272.16137306496086,179.07019769686417
P01,freedrive,0,23.86033535003662,-0.3493771553039551,0.1140480786561966,0.25034278631210327,-0.04786457075893557,0.705972605196324,-0.7052614621862658,0.043794218034672594,-80.75440936941528,-78.03473801993982,-149.82530842572885,-131.3817019483583,272.16137306496086,179.0710992818346
P01,freedrive,0,23.960368633270264,-0.3493797779083252,0.11403223872184753,0.25036609172821045,-0.04786862755886625,0.705949179964052,-0.7052849458095575,0.043789211206901435,-80.7555021996825,-78.0338569255369,-149.82353257654466,-131.38060911809112,272.16030755545034,179.06999279118907
P01,freedrive,0,24.06037139892578,-0.3493761122226715,0.11404439806938171,0.2503529489040375,-0.04786867209254783,0.7059713503874309,-0.7052621743337569,0.04379849447486537,-80.75460061471205,-78.03385777931054,-149.82442050113676,-131.38331387300244,272.16049880074706,179.0710992818346
P01,freedrive,0,24.1606285572052,-0.3493698537349701,0.11404529213905334,0.2503491938114166,-0.047878410048962615,0.7059711722769876,-0.7052614597808109,0.0438022272593407,-80.75369902974161,-78.03405500102282,-149.82483031248697,-131.3827947786255,272.16030755545034,179.07060750821435
P01,freedrive,0,24.27724266052246,-0.3493677079677582,0.11403170973062515,0.25036168098449707,-0.04788502964035359,0.7059588304390643,-0.7052737942690737,0.043795305441970786,-80.75369902974161,-78.03405500102282,-149.82353257654466,-131.38216640122187,272.16030755545034,179.06930977227205
P01,freedrive,0,24.377506971359253,-0.3493807911872864,0.11404415965080261,0.2503530979156494,-0.04787207884451814,0.7059679800082574,-0.7052660756942155,0.043786273477492865,-80.75531095438573,-78.03405500102282,-149.82442050113676,-131.38260353332876,272.16049880074706,179.06978788551396
P01,freedrive,0,24.4942467212677,-0.34938788414001465,0.11405371874570847,0.25034099817276,-0.04786630300541386,0.7059739162994755,-0.7052608063363592,0.04378174947581959,-80.75615789784281,-78.03473801993982,-149.82551333140395,-131.3817019483583,272.16049880074706,179.06999279118907
P01,freedrive,0,24.59441328048706,-0.34937718510627747,0.11404474079608917,0.2503526210784912,-0.04786528534543316,0.7059684826053103,-0.705265445836694,0.043795741066055986,-80.75460061471205,-78.03385777931054,-149.82462540681186,-131.38260353332876,272.1609905743673,179.0710992818346
P01,freedrive,0,24.710909605026245,-0.3493744730949402,0.11403333395719528,0.2503611743450165,-0.04786447570604229,0.7059616096139796,-0.7052723415360042,0.04379636949504706,-80.75440936941528,-78.03405500102282,-149.82353257654466,-131.3823849672753,272.1611818196641,179.0710992818346
P01,freedrive,0,24.811070203781128,-0.3493741452693939,0.1140424981713295,0.2503531575202942,-0.04787014787904154,0.705963729422013,-0.705269514125681,0.04380153110939429,-80.75440936941528,-78.03405585479648,-149.82462540681186,-131.3817019483583,272.16030755545034,179.0710992818346
P01,freedrive,0,24.927545309066772,-0.3493756651878357,0.11404401063919067,0.25035351514816284,-0.0478624367993367,0.7059659387940045,-0.7052674915639442,0.04380691440208338,-80.75460061471205,-78.03385777931054,-149.82462540681186,-131.38216640122187,272.16030755545034,179.0721921121018
P01,freedrive,0,25.044139862060547,-0.34936803579330444,0.11403084546327591,0.2503555119037628,-0.0478743689348593,0.7059620696150846,-0.7052711326236157,0.04379760897215422,-80.75350778444485,-78.03493524165211,-149.82373748221977,-131.38148338230488,272.1611818196641,179.07040260253925
P01,freedrive,0,25.144237279891968,-0.3493787348270416,0.11405274271965027,0.2503458559513092,-0.04786747372586618,0.705971129324505,-0.705262549299851,0.04379732953573518,-80.75479186000881,-78.03385948685784,-149.82551333140395,-131.38216640122187,272.16049880074706,179.0710992818346
P01,freedrive,0,25.24429488182068,-0.3493809401988983,0.11405404657125473,0.25033071637153625,-0.04786096187314799,0.7059907385860038,-0.7052431771239565,0.043800302276053624,-80.75511970908897,-78.03581462850775,-149.82551333140395,-131.38331387300244,272.16049880074706,179.0721921121018
P01,freedrive,0,25.34436798095703,-0.34937700629234314,0.11404117941856384,0.25035572052001953,-0.047857380733228004,0.7059691449480097,-0.7052649756844946,0.04380127353719548,-80.75460061471205,-78.0338586330842,-149.82414729356995,-131.383095306949,272.1611818196641,179.0721921121018
P01,freedrive,0,25.44440007209778,-0.3493744134902954,0.11404408514499664,0.250353068113327,-0.04786502060263585,0.7059671080526424,-0.7052661574501642,0.043806726720654346,-80.75440936941528,-78.0338586330842,-149.82462540681186,-131.3823849672753,272.16030755545034,179.0719872064267
P01,freedrive,0,25.54456090927124,-0.3493852913379669,0.11405350267887115,0.2503383755683899,-0.047862510893895746,0.7059752310527001,-0.7052596772956743,0.04378288217808519,-80.7555021996825,-78.03493609542576,-149.82571823707906,-131.38148338230488,272.16137306496086,179.07040260253925
P01,freedrive,0,25.66187310218811,-0.3493778109550476,0.11405455321073532,0.2503347098827362,-0.047869837801810824,0.7059860086083272,-0.7052482223302843,0.043785604690185394,-80.75419080336185,-78.03493438787847,-149.82571823707906,-131.38331387300244,272.16189215933775,179.07019769686417
P01,freedrive,0,25.763674020767212,-0.3493777811527252,0.11404408514499664,0.2503451704978943,-0.0478583716511561,0.7059767742055796,-0.7052574653626432,0.04379815173547876,-80.75460061471205,-78.03493438787847,-149.82462540681186,-131.3827947786255,272.16137306496086,179.0719872064267
P01,freedrive,0,25.866028308868408,-0.34937727451324463,0.11405131220817566,0.2503383457660675,-0.04786651922255687,0.705979163725041,-0.7052547288772536,0.04379479557983915,-80.75440936941528,-78.03493438787847,-149.82551333140395,-131.3823849672753,272.1611818196641,179.0710992818346
P01,freedrive,0,25.966588258743286,-0.3493776321411133,0.11405342072248459,0.2503378689289093,-0.04785979065019029,0.7059796898686924,-0.7052542417525327,0.04380151163926864,-80.75440936941528,-78.03473887371348,-149.82571823707906,-131.3823849672753,272.1611818196641,179.0721921121018
P01,freedrive,0,26.0682430267334,-0.3493804335594177,0.1140456572175026,0.2503473162651062,-0.04786743039069724,0.7059723462602318,-0.7052612032708415,0.043799435893398,-80.7555021996825,-78.03473801993982,-149.82462540681186,-131.3823849672753,272.15962453653333,179.0713041875097
P01,freedrive,0,26.177996158599854,-0.3493904173374176,0.1140490472316742,0.2503467798233032,-0.04785819645986503,0.7059731964127242,-0.7052624110353941,0.043776369869518356,-80.75637646389625,-78.03454079822754,-149.82483031248697,-131.3823849672753,272.16137306496086,179.07019769686417
P01,freedrive,0,26.27872920036316,-0.34937962889671326,0.11403625458478928,0.25036823749542236,-0.04786798848555259,0.7059548075271819,-0.7052793080712819,0.04378998760105157,-80.75531095438573,-78.03297839245491,-149.82353257654466,-131.3823849672753,272.16049880074706,179.07019769686417
P01,freedrive,0,26.395466327667236,-0.34937557578086853,0.11404303461313248,0.2503460645675659,-0.04786782108933309,0.7059692950230693,-0.7052644700776552,0.04379558693378172,-80.75440936941528,-78.03493438787847,-149.82483031248697,-131.38148338230488,272.1609905743673,179.0708943761595
P01,freedrive,0,26.496447563171387,-0.34938421845436096,0.11404523253440857,0.2503517270088196,-0.04785551403135231,0.7059690804536026,-0.7052662821017661,0.04378331360966116,-80.75531095438573,-78.03405500102282,-149.82462540681186,-131.3823849672753,272.16208340463453,179.0708943761595
P01,freedrive,0,26.61184597015381,-0.3493753969669342,0.11404234915971756,0.25035354495048523,-0.047873616090579954,0.7059664111337335,-0.705266950629164,0.04379579413149579,-80.75460061471205,-78.03405500102282,-149.82442050113676,-131.3823849672753,272.16030755545034,179.07040260253925
P01,freedrive,0,26.728443145751953,-0.34937596321105957,0.11404245346784592,0.25035449862480164,-0.047865883481727045,0.7059627960436111,-0.7052711437855111,0.04379499451167347,-80.75440936941528,-78.03384838780043,-149.82462540681186,-131.3817019483583,272.1611818196641,179.0708943761595
P01,freedrive,0,26.82850480079651,-0.34937816858291626,0.11404362320899963,0.25034549832344055,-0.0478666625430873,0.7059751961643581,-0.705259165545108,0.04378714916845102,-80.75460061471205,-78.03494463316223,-149.82462540681186,-131.38260353332876,272.1615916310143,179.07040260253925
P01,freedrive,0,26.9285671710968,-0.34937584400177,0.11404282599687576,0.2503531575202942,-0.047866546034077743,0.705964034978045,-0.705269521651079,0.04380042144024873,-80.75460061471205,-78.03405500102282,-149.82462540681186,-131.3817019483583,272.16049880074706,179.0713041875097
P01,freedrive,0,27.02919363975525,-0.3493697941303253,0.1140529215335846,0.2503419518470764,-0.04788133079474216,0.7059752271358954,-0.7052572295924293,0.04380179150853193,-80.75350778444485,-78.03405500102282,-149.82571823707906,-131.38260353332876,272.16030755545034,179.07040260253925
P01,freedrive,0,27.144999265670776,-0.3493789732456207,0.11404360085725784,0.250345915555954,-0.0478692169978805,0.7059736303029521,-0.7052606991416234,0.043784901817284144,-80.75479186000881,-78.03494548693587,-149.82462540681186,-131.3823849672753,272.16137306496086,179.06999279118907
P01,freedrive,0,27.261850118637085,-0.3493759036064148,0.11403975635766983,0.2503553032875061,-0.047865040702820716,0.7059658780913743,-0.7052682057227843,0.04379354799233121,-80.75440936941528,-78.03405414724918,-149.82421559546165,-131.3823849672753,272.16137306496086,179.0708943761595
