timestamp,participant_id,condition,event_type,modality,step_id,step_title,step_state,step_attempt,step_event_index,tool_id,tool_name,part_elapsed_s,step_elapsed_s,head_translation_m,head_rotation_deg,left_hand_translation_m,right_hand_translation_m,total_hand_translation_m,left_hover_time_s,right_hover_time_s,any_hover_time_s,hover_time_percent,left_hover_episodes,right_hover_episodes,left_hover_translation_m,right_hover_translation_m,total_hover_translation_m,correct,transcript,vlm_prediction,vlm_raw,graph_decision,spoken_response,state_json
2026-09-02T19:24:49.665-04:00,pantea,language,step_started,keyboard,r1_bearing_right,Row 1.1: bearing into right stand,ready,1,1,,,,,,,,,,,,,,,,,,,,,,,,,"{""acquired_tool_ids"": [], ""acquisition_complete"": false, ""completed_steps"": [], ""head_rotation_deg"": null, ""head_translation_m"": null, ""left_hand_translation_m"": null, ""removed_tool_ids"": [], ""right_hand_translation_m"": null, ""selected_step"": ""r1_bearing_right"", ""step_attempt"": 1, ""step_elapsed_s"": 5.0923030357807875e-05, ""step_event_index"": 1, ""total_hand_translation_m"": null, ""trial_finished_elapsed_s"": null, ""trial_recording"": true, ""trial_required_tool_ids"": [19, 34]}"
2026-09-02T19:25:02.021-04:00,pantea,language,vlm_interaction,language,r1_bearing_right,Row 1.1: bearing into right stand,ready,1,2,,,,,,,,,,,,,,,,,,,,can I get the white stand for the right side,STAND_ROW1_RIGHT,"{""intent"":""part_reference"",""part_action"":""fetch"",""reference_relation"":""direct"",""step_scope"":"""",""target"":""STAND_ROW1_RIGHT"",""candidates"":[],""exclude_labels"":[]}",language_grounded,I identified and highlighted the Row 1 right stand.,"{""acquired_tool_ids"": [], ""acquisition_complete"": false, ""completed_steps"": [], ""head_rotation_deg"": null, ""head_translation_m"": null, ""left_hand_translation_m"": null, ""removed_tool_ids"": [], ""right_hand_translation_m"": null, ""selected_step"": ""r1_bearing_right"", ""step_attempt"": 1, ""step_elapsed_s"": 12.355932273028884, ""step_event_index"": 2, ""total_hand_translation_m"": null, ""trial_finished_elapsed_s"": null, ""trial_recording"": true, ""trial_required_tool_ids"": [19, 34]}"
2026-09-02T19:25:02.065-04:00,pantea,language,part_selection,language,r1_bearing_right,Row 1.1: bearing into right stand,ready,1,3,19,GEAR_STAND_ROW1_RIGHT,12.400038,12.400038,,,,,,,,,,,,,,,1,,,,,,"{""acquired_tool_ids"": [19], ""acquisition_complete"": false, ""completed_steps"": [], ""head_rotation_deg"": null, ""head_translation_m"": null, ""left_hand_translation_m"": null, ""removed_tool_ids"": [], ""right_hand_translation_m"": null, ""selected_step"": ""r1_bearing_right"", ""step_attempt"": 1, ""step_elapsed_s"": 12.400084672030061, ""step_event_index"": 3, ""total_hand_translation_m"": null, ""trial_finished_elapsed_s"": null, ""trial_recording"": true, ""trial_required_tool_ids"": [19, 34]}"
2026-09-02T19:25:02.095-04:00,pantea,language,object_acquired,language,r1_bearing_right,Row 1.1: bearing into right stand,ready,1,4,19,GEAR_STAND_ROW1_RIGHT,12.400038,12.400038,,,,,,,,,,,,,,,1,,,,,,"{""acquired_tool_ids"": [19], ""acquisition_complete"": false, ""completed_steps"": [], ""head_rotation_deg"": null, ""head_translation_m"": null, ""left_hand_translation_m"": null, ""removed_tool_ids"": [], ""right_hand_translation_m"": null, ""selected_step"": ""r1_bearing_right"", ""step_attempt"": 1, ""step_elapsed_s"": 12.430114532005973, ""step_event_index"": 4, ""total_hand_translation_m"": null, ""trial_finished_elapsed_s"": null, ""trial_recording"": true, ""trial_required_tool_ids"": [19, 34]}"
2026-09-02T19:25:11.510-04:00,pantea,language,vlm_interaction,language,r1_bearing_right,Row 1.1: bearing into right stand,ready,1,5,,,,,,,,,,,,,,,,,,,,can I get the bearing,BEARING,"{""intent"":""part_reference"",""part_action"":""fetch"",""reference_relation"":""direct"",""step_scope"":"""",""target"":""BEARING"",""candidates"":[],""exclude_labels"":[]}",language_grounded,I identified and highlighted the bearing.,"{""acquired_tool_ids"": [19], ""acquisition_complete"": false, ""completed_steps"": [], ""head_rotation_deg"": null, ""head_translation_m"": null, ""left_hand_translation_m"": null, ""removed_tool_ids"": [], ""right_hand_translation_m"": null, ""selected_step"": ""r1_bearing_right"", ""step_attempt"": 1, ""step_elapsed_s"": 21.8456928160158, ""step_event_index"": 5, ""total_hand_translation_m"": null, ""trial_finished_elapsed_s"": null, ""trial_recording"": true, ""trial_required_tool_ids"": [19, 34]}"
2026-09-02T19:25:11.555-04:00,pantea,language,part_selection,language,r1_bearing_right,Row 1.1: bearing into right stand,ready,1,6,34,BEARINGS,9.490256,21.890295,,,,,,,,,,,,,,,1,,,,,,"{""acquired_tool_ids"": [19, 34], ""acquisition_complete"": false, ""completed_steps"": [], ""head_rotation_deg"": null, ""head_translation_m"": null, ""left_hand_translation_m"": null, ""removed_tool_ids"": [], ""right_hand_translation_m"": null, ""selected_step"": ""r1_bearing_right"", ""step_attempt"": 1, ""step_elapsed_s"": 21.890365719038527, ""step_event_index"": 6, ""total_hand_translation_m"": null, ""trial_finished_elapsed_s"": null, ""trial_recording"": true, ""trial_required_tool_ids"": [19, 34]}"
2026-09-02T19:25:11.595-04:00,pantea,language,object_acquired,language,r1_bearing_right,Row 1.1: bearing into right stand,ready,1,7,34,BEARINGS,9.490256,21.890295,,,,,,,,,,,,,,,1,,,,,,"{""acquired_tool_ids"": [19, 34], ""acquisition_complete"": false, ""completed_steps"": [], ""head_rotation_deg"": null, ""head_translation_m"": null, ""left_hand_translation_m"": null, ""removed_tool_ids"": [], ""right_hand_translation_m"": null, ""selected_step"": ""r1_bearing_right"", ""step_attempt"": 1, ""step_elapsed_s"": 21.930816140025854, ""step_event_index"": 7, ""total_hand_translation_m"": null, ""trial_finished_elapsed_s"": null, ""trial_recording"": true, ""trial_required_tool_ids"": [19, 34]}"
2026-09-02T19:25:11.625-04:00,pantea,language,step_acquisition_complete,language,r1_bearing_right,Row 1.1: bearing into right stand,ready,1,8,,,,21.959418,0.274912,86.545959,0.028727,0.028727,0.057453,0.000000,0.000000,0.000000,0.000000,0,0,0.000000,0.000000,0.000000,,,,,,,"{""acquired_tool_ids"": [19, 34], ""acquisition_complete"": true, ""any_hover_time_s"": 0.0, ""completed_steps"": [], ""head_rotation_deg"": 86.54595887066884, ""head_translation_m"": 0.2749118768450944, ""hover_time_percent"": 0.0, ""left_hand_translation_m"": 0.028726628504834404, ""left_hover_episodes"": 0, ""left_hover_time_s"": 0.0, ""left_hover_translation_m"": 0.0, ""removed_tool_ids"": [19], ""right_hand_translation_m"": 0.028726533874337726, ""right_hover_episodes"": 0, ""right_hover_time_s"": 0.0, ""right_hover_translation_m"": 0.0, ""selected_step"": ""r1_bearing_right"", ""step_attempt"": 1, ""step_elapsed_s"": 21.959417923993897, ""step_event_index"": 8, ""total_hand_translation_m"": 0.057453162379172126, ""total_hover_translation_m"": 0.0, ""trial_finished_elapsed_s"": 21.959417923993897, ""trial_recording"": false, ""trial_required_tool_ids"": [19, 34]}"
2026-09-02T19:25:11.649-04:00,pantea,language,graph_complete,,r1_bearing_right,Row 1.1: bearing into right stand,complete,1,9,,,,,,,,,,,,,,,,,,,,,,,,,"{""acquired_tool_ids"": [19, 34], ""acquisition_complete"": true, ""any_hover_time_s"": 0.0, ""completed_steps"": [""r1_bearing_right""], ""head_rotation_deg"": 86.54595887066884, ""head_translation_m"": 0.2749118768450944, ""hover_time_percent"": 0.0, ""left_hand_translation_m"": 0.028726628504834404, ""left_hover_episodes"": 0, ""left_hover_time_s"": 0.0, ""left_hover_translation_m"": 0.0, ""removed_tool_ids"": [19], ""right_hand_translation_m"": 0.028726533874337726, ""right_hover_episodes"": 0, ""right_hover_time_s"": 0.0, ""right_hover_translation_m"": 0.0, ""selected_step"": ""r1_bearing_right"", ""step_attempt"": 1, ""step_elapsed_s"": 21.959417923993897, ""step_event_index"": 9, ""total_hand_translation_m"": 0.057453162379172126, ""total_hover_translation_m"": 0.0, ""trial_finished_elapsed_s"": 21.959417923993897, ""trial_recording"": false, ""trial_required_tool_ids"": [19, 34]}"
2026-09-02T19:29:07.067-04:00,pantea,language,step_started,keyboard,r1_gear_rod,Row 1.2: assemble gear rod,ready,3,1,,,,,,,,,,,,,,,,,,,,,,,,,"{""acquired_tool_ids"": [], ""acquisition_complete"": false, ""completed_steps"": [""r1_bearing_right""], ""head_rotation_deg"": null, ""head_translation_m"": null, ""left_hand_translation_m"": null, ""removed_tool_ids"": [19], ""right_hand_translation_m"": null, ""selected_step"": ""r1_gear_rod"", ""step_attempt"": 3, ""step_elapsed_s"": 4.9946014769375324e-05, ""step_event_index"": 1, ""total_hand_translation_m"": null, ""trial_finished_elapsed_s"": null, ""trial_recording"": true, ""trial_required_tool_ids"": [14, 26, 33]}"
2026-09-02T19:29:23.075-04:00,pantea,language,vlm_interaction,language,r1_gear_rod,Row 1.2: assemble gear rod,ready,3,2,,,,,,,,,,,,,,,,,,,,can I get the rod for the first row,GEAR_ROD_ROW1,"{""intent"":""part_reference"",""part_action"":""fetch"",""reference_relation"":""direct"",""step_scope"":"""",""target"":""GEAR_ROD_ROW1"",""candidates"":[],""exclude_labels"":[]}",language_grounded,I identified and highlighted the Row 1 gear rod.,"{""acquired_tool_ids"": [], ""acquisition_complete"": false, ""completed_steps"": [""r1_bearing_right""], ""head_rotation_deg"": null, ""head_translation_m"": null, ""left_hand_translation_m"": null, ""removed_tool_ids"": [19], ""right_hand_translation_m"": null, ""selected_step"": ""r1_gear_rod"", ""step_attempt"": 3, ""step_elapsed_s"": 16.00740747601958, ""step_event_index"": 2, ""total_hand_translation_m"": null, ""trial_finished_elapsed_s"": null, ""trial_recording"": true, ""trial_required_tool_ids"": [14, 26, 33]}"
2026-09-02T19:29:23.110-04:00,pantea,language,part_selection,language,r1_gear_rod,Row 1.2: assemble gear rod,ready,3,3,14,GEAR_ROD_ROW1,16.042875,16.042875,,,,,,,,,,,,,,,1,,,,,,"{""acquired_tool_ids"": [14], ""acquisition_complete"": false, ""completed_steps"": [""r1_bearing_right""], ""head_rotation_deg"": null, ""head_translation_m"": null, ""left_hand_translation_m"": null, ""removed_tool_ids"": [19], ""right_hand_translation_m"": null, ""selected_step"": ""r1_gear_rod"", ""step_attempt"": 3, ""step_elapsed_s"": 16.042920655978378, ""step_event_index"": 3, ""total_hand_translation_m"": null, ""trial_finished_elapsed_s"": null, ""trial_recording"": true, ""trial_required_tool_ids"": [14, 26, 33]}"
2026-09-02T19:29:23.148-04:00,pantea,language,object_acquired,language,r1_gear_rod,Row 1.2: assemble gear rod,ready,3,4,14,GEAR_ROD_ROW1,16.042875,16.042875,,,,,,,,,,,,,,,1,,,,,,"{""acquired_tool_ids"": [14], ""acquisition_complete"": false, ""completed_steps"": [""r1_bearing_right""], ""head_rotation_deg"": null, ""head_translation_m"": null, ""left_hand_translation_m"": null, ""removed_tool_ids"": [19], ""right_hand_translation_m"": null, ""selected_step"": ""r1_gear_rod"", ""step_attempt"": 3, ""step_elapsed_s"": 16.08022968302248, ""step_event_index"": 4, ""total_hand_translation_m"": null, ""trial_finished_elapsed_s"": null, ""trial_recording"": true, ""trial_required_tool_ids"": [14, 26, 33]}"
2026-09-02T19:29:37.769-04:00,pantea,language,vlm_interaction,language,r1_gear_rod,Row 1.2: assemble gear rod,ready,3,5,,,,,,,,,,,,,,,,,,,,can I get the white gear for the first row,GEAR_ROW1_LEFT,"{""intent"":""part_reference"",""part_action"":""fetch"",""reference_relation"":""direct"",""step_scope"":"""",""target"":""GEAR_ROW1_LEFT"",""candidates"":[],""exclude_labels"":[]}",language_grounded,I identified and highlighted the Row 1 left gear.,"{""acquired_tool_ids"": [14], ""acquisition_complete"": false, ""completed_steps"": [""r1_bearing_right""], ""head_rotation_deg"": null, ""head_translation_m"": null, ""left_hand_translation_m"": null, ""removed_tool_ids"": [19], ""right_hand_translation_m"": null, ""selected_step"": ""r1_gear_rod"", ""step_attempt"": 3, ""step_elapsed_s"": 30.701554124010727, ""step_event_index"": 5, ""total_hand_translation_m"": null, ""trial_finished_elapsed_s"": null, ""trial_recording"": true, ""trial_required_tool_ids"": [14, 26, 33]}"
2026-09-02T19:29:37.831-04:00,pantea,language,part_selection,language,r1_gear_rod,Row 1.2: assemble gear rod,ready,3,6,26,GEAR_ROW1_LEFT,14.720924,30.763799,,,,,,,,,,,,,,,1,,,,,,"{""acquired_tool_ids"": [14, 26], ""acquisition_complete"": false, ""completed_steps"": [""r1_bearing_right""], ""head_rotation_deg"": null, ""head_translation_m"": null, ""left_hand_translation_m"": null, ""removed_tool_ids"": [19], ""right_hand_translation_m"": null, ""selected_step"": ""r1_gear_rod"", ""step_attempt"": 3, ""step_elapsed_s"": 30.76386232301593, ""step_event_index"": 6, ""total_hand_translation_m"": null, ""trial_finished_elapsed_s"": null, ""trial_recording"": true, ""trial_required_tool_ids"": [14, 26, 33]}"
2026-09-02T19:29:37.867-04:00,pantea,language,object_acquired,language,r1_gear_rod,Row 1.2: assemble gear rod,ready,3,7,26,GEAR_ROW1_LEFT,14.720924,30.763799,,,,,,,,,,,,,,,1,,,,,,"{""acquired_tool_ids"": [14, 26], ""acquisition_complete"": false, ""completed_steps"": [""r1_bearing_right""], ""head_rotation_deg"": null, ""head_translation_m"": null, ""left_hand_translation_m"": null, ""removed_tool_ids"": [19], ""right_hand_translation_m"": null, ""selected_step"": ""r1_gear_rod"", ""step_attempt"": 3, ""step_elapsed_s"": 30.799821496999357, ""step_event_index"": 7, ""total_hand_translation_m"": null, ""trial_finished_elapsed_s"": null, ""trial_recording"": true, ""trial_required_tool_ids"": [14, 26, 33]}"
2026-09-02T19:29:48.370-04:00,pantea,language,vlm_interaction,language,r1_gear_rod,Row 1.2: assemble gear rod,ready,3,8,,,,,,,,,,,,,,,,,,,,can I get the pin,PINS,"{""intent"":""part_reference"",""part_action"":""fetch"",""reference_relation"":""alternative_to_previous"",""step_scope"":"""",""target"":""AMBIGUOUS"",""candidates"":[""PIN_ROW1_LEFT"",""PIN_ROW1_RIGHT"",""PIN_ROW2_LEFT"",""PIN_ROW2_RIGHT"",""PIN_ROW3_LEFT"",""PIN_ROW3_RIGHT"",""PIN_ROW4_LEFT""],""exclude_labels"":[]}",language_colocated_grounded,I identified and highlighted the pin.,"{""acquired_tool_ids"": [14, 26], ""acquisition_complete"": false, ""completed_steps"": [""r1_bearing_right""], ""head_rotation_deg"": null, ""head_translation_m"": null, ""left_hand_translation_m"": null, ""removed_tool_ids"": [19], ""right_hand_translation_m"": null, ""selected_step"": ""r1_gear_rod"", ""step_attempt"": 3, ""step_elapsed_s"": 41.30249629600439, ""step_event_index"": 8, ""total_hand_translation_m"": null, ""trial_finished_elapsed_s"": null, ""trial_recording"": true, ""trial_required_tool_ids"": [14, 26, 33]}"
2026-09-02T19:29:48.409-04:00,pantea,language,part_selection,language,r1_gear_rod,Row 1.2: assemble gear rod,ready,3,9,33,PINS,10.577332,41.341131,,,,,,,,,,,,,,,1,,,,,,"{""acquired_tool_ids"": [14, 26, 33], ""acquisition_complete"": false, ""completed_steps"": [""r1_bearing_right""], ""head_rotation_deg"": null, ""head_translation_m"": null, ""left_hand_translation_m"": null, ""removed_tool_ids"": [19], ""right_hand_translation_m"": null, ""selected_step"": ""r1_gear_rod"", ""step_attempt"": 3, ""step_elapsed_s"": 41.34117950999644, ""step_event_index"": 9, ""total_hand_translation_m"": null, ""trial_finished_elapsed_s"": null, ""trial_recording"": true, ""trial_required_tool_ids"": [14, 26, 33]}"
2026-09-02T19:29:48.429-04:00,pantea,language,object_acquired,language,r1_gear_rod,Row 1.2: assemble gear rod,ready,3,10,33,PINS,10.577332,41.341131,,,,,,,,,,,,,,,1,,,,,,"{""acquired_tool_ids"": [14, 26, 33], ""acquisition_complete"": false, ""completed_steps"": [""r1_bearing_right""], ""head_rotation_deg"": null, ""head_translation_m"": null, ""left_hand_translation_m"": null, ""removed_tool_ids"": [19], ""right_hand_translation_m"": null, ""selected_step"": ""r1_gear_rod"", ""step_attempt"": 3, ""step_elapsed_s"": 41.361289105028845, ""step_event_index"": 10, ""total_hand_translation_m"": null, ""trial_finished_elapsed_s"": null, ""trial_recording"": true, ""trial_required_tool_ids"": [14, 26, 33]}"
2026-09-02T19:29:48.473-04:00,pantea,language,step_acquisition_complete,language,r1_gear_rod,Row 1.2: assemble gear rod,ready,3,11,,,,41.404848,0.351556,221.209444,0.023267,0.055388,0.078655,0.000000,0.000000,0.000000,0.000000,0,0,0.000000,0.000000,0.000000,,,,,,,"{""acquired_tool_ids"": [14, 26, 33], ""acquisition_complete"": true, ""any_hover_time_s"": 0.0, ""completed_steps"": [""r1_bearing_right""], ""head_rotation_deg"": 221.20944369408318, ""head_translation_m"": 0.3515555296019636, ""hover_time_percent"": 0.0, ""left_hand_translation_m"": 0.023266835426612294, ""left_hover_episodes"": 0, ""left_hover_time_s"": 0.0, ""left_hover_translation_m"": 0.0, ""removed_tool_ids"": [14, 19, 26], ""right_hand_translation_m"": 0.05538828772699964, ""right_hover_episodes"": 0, ""right_hover_time_s"": 0.0, ""right_hover_translation_m"": 0.0, ""selected_step"": ""r1_gear_rod"", ""step_attempt"": 3, ""step_elapsed_s"": 41.40484828699846, ""step_event_index"": 11, ""total_hand_translation_m"": 0.07865512315361194, ""total_hover_translation_m"": 0.0, ""trial_finished_elapsed_s"": 41.40484828699846, ""trial_recording"": false, ""trial_required_tool_ids"": [14, 26, 33]}"
2026-09-02T19:29:48.483-04:00,pantea,language,graph_complete,,r1_gear_rod,Row 1.2: assemble gear rod,complete,3,12,,,,,,,,,,,,,,,,,,,,,,,,,"{""acquired_tool_ids"": [14, 26, 33], ""acquisition_complete"": true, ""any_hover_time_s"": 0.0, ""completed_steps"": [""r1_bearing_right"", ""r1_gear_rod""], ""head_rotation_deg"": 221.20944369408318, ""head_translation_m"": 0.3515555296019636, ""hover_time_percent"": 0.0, ""left_hand_translation_m"": 0.023266835426612294, ""left_hover_episodes"": 0, ""left_hover_time_s"": 0.0, ""left_hover_translation_m"": 0.0, ""removed_tool_ids"": [14, 19, 26], ""right_hand_translation_m"": 0.05538828772699964, ""right_hover_episodes"": 0, ""right_hover_time_s"": 0.0, ""right_hover_translation_m"": 0.0, ""selected_step"": ""r1_gear_rod"", ""step_attempt"": 3, ""step_elapsed_s"": 41.40484828699846, ""step_event_index"": 12, ""total_hand_translation_m"": 0.07865512315361194, ""total_hover_translation_m"": 0.0, ""trial_finished_elapsed_s"": 41.40484828699846, ""trial_recording"": false, ""trial_required_tool_ids"": [14, 26, 33]}"
2026-09-02T19:30:02.927-04:00,pantea,language,step_started,keyboard,r1_bearing_left,Row 1.3: bearing into left stand,ready,4,1,,,,,,,,,,,,,,,,,,,,,,,,,"{""acquired_tool_ids"": [], ""acquisition_complete"": false, ""completed_steps"": [""r1_bearing_right"", ""r1_gear_rod""], ""head_rotation_deg"": null, ""head_translation_m"": null, ""left_hand_translation_m"": null, ""removed_tool_ids"": [14, 19, 26], ""right_hand_translation_m"": null, ""selected_step"": ""r1_bearing_left"", ""step_attempt"": 4, ""step_elapsed_s"": 0.0006436220137402415, ""step_event_index"": 1, ""total_hand_translation_m"": null, ""trial_finished_elapsed_s"": null, ""trial_recording"": true, ""trial_required_tool_ids"": [18, 34]}"
2026-09-02T19:30:13.881-04:00,pantea,language,vlm_interaction,language,r1_bearing_left,Row 1.3: bearing into left stand,ready,4,2,,,,,,,,,,,,,,,,,,,,can I get the white stand for row1 left,STAND_ROW1_LEFT,"{""intent"":""part_reference"",""part_action"":""fetch"",""reference_relation"":""direct"",""step_scope"":"""",""target"":""STAND_ROW1_LEFT"",""candidates"":[],""exclude_labels"":[]}",language_grounded,I identified and highlighted the Row 1 left stand.,"{""acquired_tool_ids"": [], ""acquisition_complete"": false, ""completed_steps"": [""r1_bearing_right"", ""r1_gear_rod""], ""head_rotation_deg"": null, ""head_translation_m"": null, ""left_hand_translation_m"": null, ""removed_tool_ids"": [14, 19, 26], ""right_hand_translation_m"": null, ""selected_step"": ""r1_bearing_left"", ""step_attempt"": 4, ""step_elapsed_s"": 10.955378843005747, ""step_event_index"": 2, ""total_hand_translation_m"": null, ""trial_finished_elapsed_s"": null, ""trial_recording"": true, ""trial_required_tool_ids"": [18, 34]}"
2026-09-02T19:30:13.925-04:00,pantea,language,part_selection,language,r1_bearing_left,Row 1.3: bearing into left stand,ready,4,3,18,GEAR_STAND_ROW1_LEFT,10.998900,10.998900,,,,,,,,,,,,,,,1,,,,,,"{""acquired_tool_ids"": [18], ""acquisition_complete"": false, ""completed_steps"": [""r1_bearing_right"", ""r1_gear_rod""], ""head_rotation_deg"": null, ""head_translation_m"": null, ""left_hand_translation_m"": null, ""removed_tool_ids"": [14, 19, 26], ""right_hand_translation_m"": null, ""selected_step"": ""r1_bearing_left"", ""step_attempt"": 4, ""step_elapsed_s"": 10.998943372978829, ""step_event_index"": 3, ""total_hand_translation_m"": null, ""trial_finished_elapsed_s"": null, ""trial_recording"": true, ""trial_required_tool_ids"": [18, 34]}"
2026-09-02T19:30:13.951-04:00,pantea,language,object_acquired,language,r1_bearing_left,Row 1.3: bearing into left stand,ready,4,4,18,GEAR_STAND_ROW1_LEFT,10.998900,10.998900,,,,,,,,,,,,,,,1,,,,,,"{""acquired_tool_ids"": [18], ""acquisition_complete"": false, ""completed_steps"": [""r1_bearing_right"", ""r1_gear_rod""], ""head_rotation_deg"": null, ""head_translation_m"": null, ""left_hand_translation_m"": null, ""removed_tool_ids"": [14, 19, 26], ""right_hand_translation_m"": null, ""selected_step"": ""r1_bearing_left"", ""step_attempt"": 4, ""step_elapsed_s"": 11.025378090969753, ""step_event_index"": 4, ""total_hand_translation_m"": null, ""trial_finished_elapsed_s"": null, ""trial_recording"": true, ""trial_required_tool_ids"": [18, 34]}"
2026-09-02T19:30:25.287-04:00,pantea,language,vlm_interaction,language,r1_bearing_left,Row 1.3: bearing into left stand,ready,4,5,,,,,,,,,,,,,,,,,,,,can I GET THE BEARING,BEARING,"{""intent"":""part_reference"",""part_action"":""fetch"",""reference_relation"":""direct"",""step_scope"":"""",""target"":""BEARING"",""candidates"":[],""exclude_labels"":[]}",language_grounded,I identified and highlighted the bearing.,"{""acquired_tool_ids"": [18], ""acquisition_complete"": false, ""completed_steps"": [""r1_bearing_right"", ""r1_gear_rod""], ""head_rotation_deg"": null, ""head_translation_m"": null, ""left_hand_translation_m"": null, ""removed_tool_ids"": [14, 19, 26], ""right_hand_translation_m"": null, ""selected_step"": ""r1_bearing_left"", ""step_attempt"": 4, ""step_elapsed_s"": 22.361059203976765, ""step_event_index"": 5, ""total_hand_translation_m"": null, ""trial_finished_elapsed_s"": null, ""trial_recording"": true, ""trial_required_tool_ids"": [18, 34]}"
2026-09-02T19:30:25.332-04:00,pantea,language,part_selection,language,r1_bearing_left,Row 1.3: bearing into left stand,ready,4,6,34,BEARINGS,11.407120,22.406020,,,,,,,,,,,,,,,1,,,,,,"{""acquired_tool_ids"": [18, 34], ""acquisition_complete"": false, ""completed_steps"": [""r1_bearing_right"", ""r1_gear_rod""], ""head_rotation_deg"": null, ""head_translation_m"": null, ""left_hand_translation_m"": null, ""removed_tool_ids"": [14, 19, 26], ""right_hand_translation_m"": null, ""selected_step"": ""r1_bearing_left"", ""step_attempt"": 4, ""step_elapsed_s"": 22.40606571396347, ""step_event_index"": 6, ""total_hand_translation_m"": null, ""trial_finished_elapsed_s"": null, ""trial_recording"": true, ""trial_required_tool_ids"": [18, 34]}"
2026-09-02T19:30:25.372-04:00,pantea,language,object_acquired,language,r1_bearing_left,Row 1.3: bearing into left stand,ready,4,7,34,BEARINGS,11.407120,22.406020,,,,,,,,,,,,,,,1,,,,,,"{""acquired_tool_ids"": [18, 34], ""acquisition_complete"": false, ""completed_steps"": [""r1_bearing_right"", ""r1_gear_rod""], ""head_rotation_deg"": null, ""head_translation_m"": null, ""left_hand_translation_m"": null, ""removed_tool_ids"": [14, 19, 26], ""right_hand_translation_m"": null, ""selected_step"": ""r1_bearing_left"", ""step_attempt"": 4, ""step_elapsed_s"": 22.44543868198525, ""step_event_index"": 7, ""total_hand_translation_m"": null, ""trial_finished_elapsed_s"": null, ""trial_recording"": true, ""trial_required_tool_ids"": [18, 34]}"
2026-09-02T19:30:25.392-04:00,pantea,language,step_acquisition_complete,language,r1_bearing_left,Row 1.3: bearing into left stand,ready,4,8,,,,22.464285,0.658157,367.104583,0.059041,1.153093,1.212134,0.000000,0.000000,0.000000,0.000000,0,0,0.000000,0.000000,0.000000,,,,,,,"{""acquired_tool_ids"": [18, 34], ""acquisition_complete"": true, ""any_hover_time_s"": 0.0, ""completed_steps"": [""r1_bearing_right"", ""r1_gear_rod""], ""head_rotation_deg"": 367.10458261275795, ""head_translation_m"": 0.6581570857736164, ""hover_time_percent"": 0.0, ""left_hand_translation_m"": 0.05904089523068791, ""left_hover_episodes"": 0, ""left_hover_time_s"": 0.0, ""left_hover_translation_m"": 0.0, ""removed_tool_ids"": [14, 18, 19, 26], ""right_hand_translation_m"": 1.153093016947595, ""right_hover_episodes"": 0, ""right_hover_time_s"": 0.0, ""right_hover_translation_m"": 0.0, ""selected_step"": ""r1_bearing_left"", ""step_attempt"": 4, ""step_elapsed_s"": 22.464285088004544, ""step_event_index"": 8, ""total_hand_translation_m"": 1.212133912178283, ""total_hover_translation_m"": 0.0, ""trial_finished_elapsed_s"": 22.464285088004544, ""trial_recording"": false, ""trial_required_tool_ids"": [18, 34]}"
2026-09-02T19:30:25.419-04:00,pantea,language,graph_complete,,r1_bearing_left,Row 1.3: bearing into left stand,complete,4,9,,,,,,,,,,,,,,,,,,,,,,,,,"{""acquired_tool_ids"": [18, 34], ""acquisition_complete"": true, ""any_hover_time_s"": 0.0, ""completed_steps"": [""r1_bearing_right"", ""r1_gear_rod"", ""r1_bearing_left""], ""head_rotation_deg"": 367.10458261275795, ""head_translation_m"": 0.6581570857736164, ""hover_time_percent"": 0.0, ""left_hand_translation_m"": 0.05904089523068791, ""left_hover_episodes"": 0, ""left_hover_time_s"": 0.0, ""left_hover_translation_m"": 0.0, ""removed_tool_ids"": [14, 18, 19, 26], ""right_hand_translation_m"": 1.153093016947595, ""right_hover_episodes"": 0, ""right_hover_time_s"": 0.0, ""right_hover_translation_m"": 0.0, ""selected_step"": ""r1_bearing_left"", ""step_attempt"": 4, ""step_elapsed_s"": 22.464285088004544, ""step_event_index"": 9, ""total_hand_translation_m"": 1.212133912178283, ""total_hover_translation_m"": 0.0, ""trial_finished_elapsed_s"": 22.464285088004544, ""trial_recording"": false, ""trial_required_tool_ids"": [18, 34]}"
2026-09-02T19:30:41.850-04:00,pantea,language,step_started,keyboard,r2_gear_rod,Row 2.2: assemble gear rod,ready,5,1,,,,,,,,,,,,,,,,,,,,,,,,,"{""acquired_tool_ids"": [], ""acquisition_complete"": false, ""completed_steps"": [""r1_bearing_right"", ""r1_gear_rod"", ""r1_bearing_left""], ""head_rotation_deg"": null, ""head_translation_m"": null, ""left_hand_translation_m"": null, ""removed_tool_ids"": [14, 18, 19, 26], ""right_hand_translation_m"": null, ""selected_step"": ""r2_gear_rod"", ""step_attempt"": 5, ""step_elapsed_s"": 0.000599526974838227, ""step_event_index"": 1, ""total_hand_translation_m"": null, ""trial_finished_elapsed_s"": null, ""trial_recording"": true, ""trial_required_tool_ids"": [15, 27, 28, 33]}"
2026-09-02T19:30:53.185-04:00,pantea,language,vlm_interaction,language,r2_gear_rod,Row 2.2: assemble gear rod,ready,5,2,,,,,,,,,,,,,,,,,,,,CAN  i get the rod for row2,GEAR_ROD_ROW2,"{""intent"":""part_reference"",""part_action"":""fetch"",""reference_relation"":""direct"",""step_scope"":"""",""target"":""GEAR_ROD_ROW2"",""candidates"":[],""exclude_labels"":[]}",language_grounded,I identified and highlighted the Row 2 gear rod.,"{""acquired_tool_ids"": [], ""acquisition_complete"": false, ""completed_steps"": [""r1_bearing_right"", ""r1_gear_rod"", ""r1_bearing_left""], ""head_rotation_deg"": null, ""head_translation_m"": null, ""left_hand_translation_m"": null, ""removed_tool_ids"": [14, 18, 19, 26], ""right_hand_translation_m"": null, ""selected_step"": ""r2_gear_rod"", ""step_attempt"": 5, ""step_elapsed_s"": 11.335490225988906, ""step_event_index"": 2, ""total_hand_translation_m"": null, ""trial_finished_elapsed_s"": null, ""trial_recording"": true, ""trial_required_tool_ids"": [15, 27, 28, 33]}"
2026-09-02T19:30:53.219-04:00,pantea,language,part_selection,language,r2_gear_rod,Row 2.2: assemble gear rod,ready,5,3,15,GEAR_ROD_ROW2,11.369334,11.369334,,,,,,,,,,,,,,,1,,,,,,"{""acquired_tool_ids"": [15], ""acquisition_complete"": false, ""completed_steps"": [""r1_bearing_right"", ""r1_gear_rod"", ""r1_bearing_left""], ""head_rotation_deg"": null, ""head_translation_m"": null, ""left_hand_translation_m"": null, ""removed_tool_ids"": [14, 18, 19, 26], ""right_hand_translation_m"": null, ""selected_step"": ""r2_gear_rod"", ""step_attempt"": 5, ""step_elapsed_s"": 11.369397846981883, ""step_event_index"": 3, ""total_hand_translation_m"": null, ""trial_finished_elapsed_s"": null, ""trial_recording"": true, ""trial_required_tool_ids"": [15, 27, 28, 33]}"
2026-09-02T19:30:53.239-04:00,pantea,language,object_acquired,language,r2_gear_rod,Row 2.2: assemble gear rod,ready,5,4,15,GEAR_ROD_ROW2,11.369334,11.369334,,,,,,,,,,,,,,,1,,,,,,"{""acquired_tool_ids"": [15], ""acquisition_complete"": false, ""completed_steps"": [""r1_bearing_right"", ""r1_gear_rod"", ""r1_bearing_left""], ""head_rotation_deg"": null, ""head_translation_m"": null, ""left_hand_translation_m"": null, ""removed_tool_ids"": [14, 18, 19, 26], ""right_hand_translation_m"": null, ""selected_step"": ""r2_gear_rod"", ""step_attempt"": 5, ""step_elapsed_s"": 11.389112122007646, ""step_event_index"": 4, ""total_hand_translation_m"": null, ""trial_finished_elapsed_s"": null, ""trial_recording"": true, ""trial_required_tool_ids"": [15, 27, 28, 33]}"
2026-09-02T19:31:05.656-04:00,pantea,language,vlm_interaction,language,r2_gear_rod,Row 2.2: assemble gear rod,ready,5,5,,,,,,,,,,,,,,,,,,,,can I get the larger red gear,GEAR_ROW2_RIGHT,"{""intent"":""part_reference"",""part_action"":""fetch"",""reference_relation"":""direct"",""step_scope"":"""",""target"":""GEAR_ROW2_RIGHT"",""candidates"":[],""exclude_labels"":[]}",language_grounded,I identified and highlighted the Row 2 right gear.,"{""acquired_tool_ids"": [15], ""acquisition_complete"": false, ""completed_steps"": [""r1_bearing_right"", ""r1_gear_rod"", ""r1_bearing_left""], ""head_rotation_deg"": null, ""head_translation_m"": null, ""left_hand_translation_m"": null, ""removed_tool_ids"": [14, 18, 19, 26], ""right_hand_translation_m"": null, ""selected_step"": ""r2_gear_rod"", ""step_attempt"": 5, ""step_elapsed_s"": 23.80620001500938, ""step_event_index"": 5, ""total_hand_translation_m"": null, ""trial_finished_elapsed_s"": null, ""trial_recording"": true, ""trial_required_tool_ids"": [15, 27, 28, 33]}"
2026-09-02T19:31:05.751-04:00,pantea,language,part_selection,language,r2_gear_rod,Row 2.2: assemble gear rod,ready,5,6,28,GEAR_ROW2_RIGHT,12.532223,23.901557,,,,,,,,,,,,,,,1,,,,,,"{""acquired_tool_ids"": [15, 28], ""acquisition_complete"": false, ""completed_steps"": [""r1_bearing_right"", ""r1_gear_rod"", ""r1_bearing_left""], ""head_rotation_deg"": null, ""head_translation_m"": null, ""left_hand_translation_m"": null, ""removed_tool_ids"": [14, 18, 19, 26], ""right_hand_translation_m"": null, ""selected_step"": ""r2_gear_rod"", ""step_attempt"": 5, ""step_elapsed_s"": 23.901732428988907, ""step_event_index"": 6, ""total_hand_translation_m"": null, ""trial_finished_elapsed_s"": null, ""trial_recording"": true, ""trial_required_tool_ids"": [15, 27, 28, 33]}"
2026-09-02T19:31:05.854-04:00,pantea,language,object_acquired,language,r2_gear_rod,Row 2.2: assemble gear rod,ready,5,7,28,GEAR_ROW2_RIGHT,12.532223,23.901557,,,,,,,,,,,,,,,1,,,,,,"{""acquired_tool_ids"": [15, 28], ""acquisition_complete"": false, ""completed_steps"": [""r1_bearing_right"", ""r1_gear_rod"", ""r1_bearing_left""], ""head_rotation_deg"": null, ""head_translation_m"": null, ""left_hand_translation_m"": null, ""removed_tool_ids"": [14, 18, 19, 26], ""right_hand_translation_m"": null, ""selected_step"": ""r2_gear_rod"", ""step_attempt"": 5, ""step_elapsed_s"": 24.004804747004528, ""step_event_index"": 7, ""total_hand_translation_m"": null, ""trial_finished_elapsed_s"": null, ""trial_recording"": true, ""trial_required_tool_ids"": [15, 27, 28, 33]}"
2026-09-02T19:31:17.278-04:00,pantea,language,vlm_interaction,language,r2_gear_rod,Row 2.2: assemble gear rod,ready,5,8,,,,,,,,,,,,,,,,,,,,can I get the smaller gear for row2,GEAR_ROW2_LEFT,"{""intent"":""part_reference"",""part_action"":""fetch"",""reference_relation"":""direct"",""step_scope"":"""",""target"":""GEAR_ROW2_LEFT"",""candidates"":[],""exclude_labels"":[]}",language_grounded,I identified and highlighted the Row 2 left gear.,"{""acquired_tool_ids"": [15, 28], ""acquisition_complete"": false, ""completed_steps"": [""r1_bearing_right"", ""r1_gear_rod"", ""r1_bearing_left""], ""head_rotation_deg"": null, ""head_translation_m"": null, ""left_hand_translation_m"": null, ""removed_tool_ids"": [14, 18, 19, 26], ""right_hand_translation_m"": null, ""selected_step"": ""r2_gear_rod"", ""step_attempt"": 5, ""step_elapsed_s"": 35.42859266902087, ""step_event_index"": 8, ""total_hand_translation_m"": null, ""trial_finished_elapsed_s"": null, ""trial_recording"": true, ""trial_required_tool_ids"": [15, 27, 28, 33]}"
2026-09-02T19:31:17.304-04:00,pantea,language,part_selection,language,r2_gear_rod,Row 2.2: assemble gear rod,ready,5,9,27,GEAR_ROW2_LEFT,11.553294,35.454851,,,,,,,,,,,,,,,1,,,,,,"{""acquired_tool_ids"": [15, 27, 28], ""acquisition_complete"": false, ""completed_steps"": [""r1_bearing_right"", ""r1_gear_rod"", ""r1_bearing_left""], ""head_rotation_deg"": null, ""head_translation_m"": null, ""left_hand_translation_m"": null, ""removed_tool_ids"": [14, 18, 19, 26], ""right_hand_translation_m"": null, ""selected_step"": ""r2_gear_rod"", ""step_attempt"": 5, ""step_elapsed_s"": 35.45490474300459, ""step_event_index"": 9, ""total_hand_translation_m"": null, ""trial_finished_elapsed_s"": null, ""trial_recording"": true, ""trial_required_tool_ids"": [15, 27, 28, 33]}"
2026-09-02T19:31:17.320-04:00,pantea,language,object_acquired,language,r2_gear_rod,Row 2.2: assemble gear rod,ready,5,10,27,GEAR_ROW2_LEFT,11.553294,35.454851,,,,,,,,,,,,,,,1,,,,,,"{""acquired_tool_ids"": [15, 27, 28], ""acquisition_complete"": false, ""completed_steps"": [""r1_bearing_right"", ""r1_gear_rod"", ""r1_bearing_left""], ""head_rotation_deg"": null, ""head_translation_m"": null, ""left_hand_translation_m"": null, ""removed_tool_ids"": [14, 18, 19, 26], ""right_hand_translation_m"": null, ""selected_step"": ""r2_gear_rod"", ""step_attempt"": 5, ""step_elapsed_s"": 35.47087391500827, ""step_event_index"": 10, ""total_hand_translation_m"": null, ""trial_finished_elapsed_s"": null, ""trial_recording"": true, ""trial_required_tool_ids"": [15, 27, 28, 33]}"
2026-09-02T19:31:29.501-04:00,pantea,language,vlm_interaction,language,r2_gear_rod,Row 2.2: assemble gear rod,ready,5,11,,,,,,,,,,,,,,,,,,,,can I get the pins,PINS,"{""intent"":""part_reference"",""part_action"":""fetch"",""reference_relation"":""direct"",""step_scope"":"""",""target"":""PINS"",""candidates"":[],""exclude_labels"":[]}",language_grounded,I identified and highlighted the pin.,"{""acquired_tool_ids"": [15, 27, 28], ""acquisition_complete"": false, ""completed_steps"": [""r1_bearing_right"", ""r1_gear_rod"", ""r1_bearing_left""], ""head_rotation_deg"": null, ""head_translation_m"": null, ""left_hand_translation_m"": null, ""removed_tool_ids"": [14, 18, 19, 26], ""right_hand_translation_m"": null, ""selected_step"": ""r2_gear_rod"", ""step_attempt"": 5, ""step_elapsed_s"": 47.651132597995456, ""step_event_index"": 11, ""total_hand_translation_m"": null, ""trial_finished_elapsed_s"": null, ""trial_recording"": true, ""trial_required_tool_ids"": [15, 27, 28, 33]}"
2026-09-02T19:31:29.552-04:00,pantea,language,part_selection,language,r2_gear_rod,Row 2.2: assemble gear rod,ready,5,12,33,PINS,12.247939,47.702790,,,,,,,,,,,,,,,1,,,,,,"{""acquired_tool_ids"": [15, 27, 28, 33], ""acquisition_complete"": false, ""completed_steps"": [""r1_bearing_right"", ""r1_gear_rod"", ""r1_bearing_left""], ""head_rotation_deg"": null, ""head_translation_m"": null, ""left_hand_translation_m"": null, ""removed_tool_ids"": [14, 18, 19, 26], ""right_hand_translation_m"": null, ""selected_step"": ""r2_gear_rod"", ""step_attempt"": 5, ""step_elapsed_s"": 47.702861575002316, ""step_event_index"": 12, ""total_hand_translation_m"": null, ""trial_finished_elapsed_s"": null, ""trial_recording"": true, ""trial_required_tool_ids"": [15, 27, 28, 33]}"
2026-09-02T19:31:29.578-04:00,pantea,language,object_acquired,language,r2_gear_rod,Row 2.2: assemble gear rod,ready,5,13,33,PINS,12.247939,47.702790,,,,,,,,,,,,,,,1,,,,,,"{""acquired_tool_ids"": [15, 27, 28, 33], ""acquisition_complete"": false, ""completed_steps"": [""r1_bearing_right"", ""r1_gear_rod"", ""r1_bearing_left""], ""head_rotation_deg"": null, ""head_translation_m"": null, ""left_hand_translation_m"": null, ""removed_tool_ids"": [14, 18, 19, 26], ""right_hand_translation_m"": null, ""selected_step"": ""r2_gear_rod"", ""step_attempt"": 5, ""step_elapsed_s"": 47.728145621018484, ""step_event_index"": 13, ""total_hand_translation_m"": null, ""trial_finished_elapsed_s"": null, ""trial_recording"": true, ""trial_required_tool_ids"": [15, 27, 28, 33]}"
2026-09-02T19:31:29.589-04:00,pantea,language,step_acquisition_complete,language,r2_gear_rod,Row 2.2: assemble gear rod,ready,5,14,,,,47.737995,1.014530,535.251250,0.103142,1.265966,1.369108,0.000000,0.000000,0.000000,0.000000,0,0,0.000000,0.000000,0.000000,,,,,,,"{""acquired_tool_ids"": [15, 27, 28, 33], ""acquisition_complete"": true, ""any_hover_time_s"": 0.0, ""completed_steps"": [""r1_bearing_right"", ""r1_gear_rod"", ""r1_bearing_left""], ""head_rotation_deg"": 535.2512496867911, ""head_translation_m"": 1.0145303994386499, ""hover_time_percent"": 0.0, ""left_hand_translation_m"": 0.10314152948259339, ""left_hover_episodes"": 0, ""left_hover_time_s"": 0.0, ""left_hover_translation_m"": 0.0, ""removed_tool_ids"": [14, 15, 18, 19, 26, 27, 28], ""right_hand_translation_m"": 1.26596597309, ""right_hover_episodes"": 0, ""right_hover_time_s"": 0.0, ""right_hover_translation_m"": 0.0, ""selected_step"": ""r2_gear_rod"", ""step_attempt"": 5, ""step_elapsed_s"": 47.737995426985435, ""step_event_index"": 14, ""total_hand_translation_m"": 1.3691075025725934, ""total_hover_translation_m"": 0.0, ""trial_finished_elapsed_s"": 47.737995426985435, ""trial_recording"": false, ""trial_required_tool_ids"": [15, 27, 28, 33]}"
2026-09-02T19:31:29.606-04:00,pantea,language,graph_complete,,r2_gear_rod,Row 2.2: assemble gear rod,complete,5,15,,,,,,,,,,,,,,,,,,,,,,,,,"{""acquired_tool_ids"": [15, 27, 28, 33], ""acquisition_complete"": true, ""any_hover_time_s"": 0.0, ""completed_steps"": [""r1_bearing_right"", ""r1_gear_rod"", ""r1_bearing_left"", ""r2_gear_rod""], ""head_rotation_deg"": 535.2512496867911, ""head_translation_m"": 1.0145303994386499, ""hover_time_percent"": 0.0, ""left_hand_translation_m"": 0.10314152948259339, ""left_hover_episodes"": 0, ""left_hover_time_s"": 0.0, ""left_hover_translation_m"": 0.0, ""removed_tool_ids"": [14, 15, 18, 19, 26, 27, 28], ""right_hand_translation_m"": 1.26596597309, ""right_hover_episodes"": 0, ""right_hover_time_s"": 0.0, ""right_hover_translation_m"": 0.0, ""selected_step"": ""r2_gear_rod"", ""step_attempt"": 5, ""step_elapsed_s"": 47.737995426985435, ""step_event_index"": 15, ""total_hand_translation_m"": 1.3691075025725934, ""total_hover_translation_m"": 0.0, ""trial_finished_elapsed_s"": 47.737995426985435, ""trial_recording"": false, ""trial_required_tool_ids"": [15, 27, 28, 33]}"
2026-09-02T19:31:46.458-04:00,pantea,language,step_started,keyboard,r2_bearing_right,Row 2.1: bearing into right stand,ready,6,1,,,,,,,,,,,,,,,,,,,,,,,,,"{""acquired_tool_ids"": [], ""acquisition_complete"": false, ""completed_steps"": [""r1_bearing_right"", ""r1_gear_rod"", ""r1_bearing_left"", ""r2_gear_rod""], ""head_rotation_deg"": null, ""head_translation_m"": null, ""left_hand_translation_m"": null, ""removed_tool_ids"": [14, 15, 18, 19, 26, 27, 28], ""right_hand_translation_m"": null, ""selected_step"": ""r2_bearing_right"", ""step_attempt"": 6, ""step_elapsed_s"": 0.0006593550206162035, ""step_event_index"": 1, ""total_hand_translation_m"": null, ""trial_finished_elapsed_s"": null, ""trial_recording"": true, ""trial_required_tool_ids"": [21, 34]}"
2026-09-02T19:31:57.380-04:00,pantea,language,vlm_interaction,language,r2_bearing_right,Row 2.1: bearing into right stand,ready,6,2,,,,,,,,,,,,,,,,,,,,can I get the stand for row2 on right side,STAND_ROW2_RIGHT,"{""intent"":""part_reference"",""part_action"":""fetch"",""reference_relation"":""direct"",""step_scope"":"""",""target"":""STAND_ROW2_RIGHT"",""candidates"":[],""exclude_labels"":[]}",language_grounded,I identified and highlighted the Row 2 right stand.,"{""acquired_tool_ids"": [], ""acquisition_complete"": false, ""completed_steps"": [""r1_bearing_right"", ""r1_gear_rod"", ""r1_bearing_left"", ""r2_gear_rod""], ""head_rotation_deg"": null, ""head_translation_m"": null, ""left_hand_translation_m"": null, ""removed_tool_ids"": [14, 15, 18, 19, 26, 27, 28], ""right_hand_translation_m"": null, ""selected_step"": ""r2_bearing_right"", ""step_attempt"": 6, ""step_elapsed_s"": 10.921852577012032, ""step_event_index"": 2, ""total_hand_translation_m"": null, ""trial_finished_elapsed_s"": null, ""trial_recording"": true, ""trial_required_tool_ids"": [21, 34]}"
2026-09-02T19:31:57.426-04:00,pantea,language,part_selection,language,r2_bearing_right,Row 2.1: bearing into right stand,ready,6,3,21,GEAR_STAND_ROW2_RIGHT,10.967944,10.967944,,,,,,,,,,,,,,,1,,,,,,"{""acquired_tool_ids"": [21], ""acquisition_complete"": false, ""completed_steps"": [""r1_bearing_right"", ""r1_gear_rod"", ""r1_bearing_left"", ""r2_gear_rod""], ""head_rotation_deg"": null, ""head_translation_m"": null, ""left_hand_translation_m"": null, ""removed_tool_ids"": [14, 15, 18, 19, 26, 27, 28], ""right_hand_translation_m"": null, ""selected_step"": ""r2_bearing_right"", ""step_attempt"": 6, ""step_elapsed_s"": 10.96798699098872, ""step_event_index"": 3, ""total_hand_translation_m"": null, ""trial_finished_elapsed_s"": null, ""trial_recording"": true, ""trial_required_tool_ids"": [21, 34]}"
2026-09-02T19:31:57.458-04:00,pantea,language,object_acquired,language,r2_bearing_right,Row 2.1: bearing into right stand,ready,6,4,21,GEAR_STAND_ROW2_RIGHT,10.967944,10.967944,,,,,,,,,,,,,,,1,,,,,,"{""acquired_tool_ids"": [21], ""acquisition_complete"": false, ""completed_steps"": [""r1_bearing_right"", ""r1_gear_rod"", ""r1_bearing_left"", ""r2_gear_rod""], ""head_rotation_deg"": null, ""head_translation_m"": null, ""left_hand_translation_m"": null, ""removed_tool_ids"": [14, 15, 18, 19, 26, 27, 28], ""right_hand_translation_m"": null, ""selected_step"": ""r2_bearing_right"", ""step_attempt"": 6, ""step_elapsed_s"": 11.000442426011432, ""step_event_index"": 4, ""total_hand_translation_m"": null, ""trial_finished_elapsed_s"": null, ""trial_recording"": true, ""trial_required_tool_ids"": [21, 34]}"
2026-09-02T19:32:10.405-04:00,pantea,language,vlm_interaction,language,r2_bearing_right,Row 2.1: bearing into right stand,ready,6,5,,,,,,,,,,,,,,,,,,,,can I get the bearing for the right side,BEARINGS,"{""intent"":""part_reference"",""part_action"":""fetch"",""reference_relation"":""alternative_to_previous"",""step_scope"":"""",""target"":""AMBIGUOUS"",""candidates"":[""BEARING_ROW2_RIGHT"",""BEARING_ROW3_RIGHT"",""BEARING_ROW4_RIGHT""],""exclude_labels"":[]}",language_colocated_grounded,I identified and highlighted the bearing.,"{""acquired_tool_ids"": [21], ""acquisition_complete"": false, ""completed_steps"": [""r1_bearing_right"", ""r1_gear_rod"", ""r1_bearing_left"", ""r2_gear_rod""], ""head_rotation_deg"": null, ""head_translation_m"": null, ""left_hand_translation_m"": null, ""removed_tool_ids"": [14, 15, 18, 19, 26, 27, 28], ""right_hand_translation_m"": null, ""selected_step"": ""r2_bearing_right"", ""step_attempt"": 6, ""step_elapsed_s"": 23.947171157982666, ""step_event_index"": 5, ""total_hand_translation_m"": null, ""trial_finished_elapsed_s"": null, ""trial_recording"": true, ""trial_required_tool_ids"": [21, 34]}"
2026-09-02T19:32:10.447-04:00,pantea,language,part_selection,language,r2_bearing_right,Row 2.1: bearing into right stand,ready,6,6,34,BEARINGS,13.021292,23.989236,,,,,,,,,,,,,,,1,,,,,,"{""acquired_tool_ids"": [21, 34], ""acquisition_complete"": false, ""completed_steps"": [""r1_bearing_right"", ""r1_gear_rod"", ""r1_bearing_left"", ""r2_gear_rod""], ""head_rotation_deg"": null, ""head_translation_m"": null, ""left_hand_translation_m"": null, ""removed_tool_ids"": [14, 15, 18, 19, 26, 27, 28], ""right_hand_translation_m"": null, ""selected_step"": ""r2_bearing_right"", ""step_attempt"": 6, ""step_elapsed_s"": 23.989328844996635, ""step_event_index"": 6, ""total_hand_translation_m"": null, ""trial_finished_elapsed_s"": null, ""trial_recording"": true, ""trial_required_tool_ids"": [21, 34]}"
2026-09-02T19:32:10.477-04:00,pantea,language,object_acquired,language,r2_bearing_right,Row 2.1: bearing into right stand,ready,6,7,34,BEARINGS,13.021292,23.989236,,,,,,,,,,,,,,,1,,,,,,"{""acquired_tool_ids"": [21, 34], ""acquisition_complete"": false, ""completed_steps"": [""r1_bearing_right"", ""r1_gear_rod"", ""r1_bearing_left"", ""r2_gear_rod""], ""head_rotation_deg"": null, ""head_translation_m"": null, ""left_hand_translation_m"": null, ""removed_tool_ids"": [14, 15, 18, 19, 26, 27, 28], ""right_hand_translation_m"": null, ""selected_step"": ""r2_bearing_right"", ""step_attempt"": 6, ""step_elapsed_s"": 24.01899313699687, ""step_event_index"": 7, ""total_hand_translation_m"": null, ""trial_finished_elapsed_s"": null, ""trial_recording"": true, ""trial_required_tool_ids"": [21, 34]}"
2026-09-02T19:32:10.495-04:00,pantea,language,step_acquisition_complete,language,r2_bearing_right,Row 2.1: bearing into right stand,ready,6,8,,,,24.036036,0.442880,193.319279,0.047956,0.780763,0.828720,0.000000,0.000000,0.000000,0.000000,0,0,0.000000,0.000000,0.000000,,,,,,,"{""acquired_tool_ids"": [21, 34], ""acquisition_complete"": true, ""any_hover_time_s"": 0.0, ""completed_steps"": [""r1_bearing_right"", ""r1_gear_rod"", ""r1_bearing_left"", ""r2_gear_rod""], ""head_rotation_deg"": 193.3192786597891, ""head_translation_m"": 0.44288029069777, ""hover_time_percent"": 0.0, ""left_hand_translation_m"": 0.04795630146665798, ""left_hover_episodes"": 0, ""left_hover_time_s"": 0.0, ""left_hover_translation_m"": 0.0, ""removed_tool_ids"": [14, 15, 18, 19, 21, 26, 27, 28], ""right_hand_translation_m"": 0.7807634934942338, ""right_hover_episodes"": 0, ""right_hover_time_s"": 0.0, ""right_hover_translation_m"": 0.0, ""selected_step"": ""r2_bearing_right"", ""step_attempt"": 6, ""step_elapsed_s"": 24.03603632398881, ""step_event_index"": 8, ""total_hand_translation_m"": 0.8287197949608918, ""total_hover_translation_m"": 0.0, ""trial_finished_elapsed_s"": 24.03603632398881, ""trial_recording"": false, ""trial_required_tool_ids"": [21, 34]}"
2026-09-02T19:32:10.508-04:00,pantea,language,graph_complete,,r2_bearing_right,Row 2.1: bearing into right stand,complete,6,9,,,,,,,,,,,,,,,,,,,,,,,,,"{""acquired_tool_ids"": [21, 34], ""acquisition_complete"": true, ""any_hover_time_s"": 0.0, ""completed_steps"": [""r1_bearing_right"", ""r1_gear_rod"", ""r1_bearing_left"", ""r2_gear_rod"", ""r2_bearing_right""], ""head_rotation_deg"": 193.3192786597891, ""head_translation_m"": 0.44288029069777, ""hover_time_percent"": 0.0, ""left_hand_translation_m"": 0.04795630146665798, ""left_hover_episodes"": 0, ""left_hover_time_s"": 0.0, ""left_hover_translation_m"": 0.0, ""removed_tool_ids"": [14, 15, 18, 19, 21, 26, 27, 28], ""right_hand_translation_m"": 0.7807634934942338, ""right_hover_episodes"": 0, ""right_hover_time_s"": 0.0, ""right_hover_translation_m"": 0.0, ""selected_step"": ""r2_bearing_right"", ""step_attempt"": 6, ""step_elapsed_s"": 24.03603632398881, ""step_event_index"": 9, ""total_hand_translation_m"": 0.8287197949608918, ""total_hover_translation_m"": 0.0, ""trial_finished_elapsed_s"": 24.03603632398881, ""trial_recording"": false, ""trial_required_tool_ids"": [21, 34]}"
2026-09-02T19:32:20.458-04:00,pantea,language,step_started,keyboard,r2_bearing_left,Row 2.3: bearing into left stand,ready,7,1,,,,,,,,,,,,,,,,,,,,,,,,,"{""acquired_tool_ids"": [], ""acquisition_complete"": false, ""completed_steps"": [""r1_bearing_right"", ""r1_gear_rod"", ""r1_bearing_left"", ""r2_gear_rod"", ""r2_bearing_right""], ""head_rotation_deg"": null, ""head_translation_m"": null, ""left_hand_translation_m"": null, ""removed_tool_ids"": [14, 15, 18, 19, 21, 26, 27, 28], ""right_hand_translation_m"": null, ""selected_step"": ""r2_bearing_left"", ""step_attempt"": 7, ""step_elapsed_s"": 0.0013871699920855463, ""step_event_index"": 1, ""total_hand_translation_m"": null, ""trial_finished_elapsed_s"": null, ""trial_recording"": true, ""trial_required_tool_ids"": [20]}"
2026-09-02T19:32:44.019-04:00,pantea,language,vlm_interaction,language,r2_bearing_left,Row 2.3: bearing into left stand,ready,7,2,,,,,,,,,,,,,,,,,,,,can I get the red stand for the row2 on the left side,STAND_ROW2_LEFT,"{""intent"":""part_reference"",""part_action"":""fetch"",""reference_relation"":""direct"",""step_scope"":"""",""target"":""STAND_ROW2_LEFT"",""candidates"":[],""exclude_labels"":[]}",language_grounded,I identified and highlighted the Row 2 left stand.,"{""acquired_tool_ids"": [], ""acquisition_complete"": false, ""completed_steps"": [""r1_bearing_right"", ""r1_gear_rod"", ""r1_bearing_left"", ""r2_gear_rod"", ""r2_bearing_right""], ""head_rotation_deg"": null, ""head_translation_m"": null, ""left_hand_translation_m"": null, ""removed_tool_ids"": [14, 15, 18, 19, 21, 26, 27, 28], ""right_hand_translation_m"": null, ""selected_step"": ""r2_bearing_left"", ""step_attempt"": 7, ""step_elapsed_s"": 23.562294841976836, ""step_event_index"": 2, ""total_hand_translation_m"": null, ""trial_finished_elapsed_s"": null, ""trial_recording"": true, ""trial_required_tool_ids"": [20]}"
2026-09-02T19:32:44.052-04:00,pantea,language,part_selection,language,r2_bearing_left,Row 2.3: bearing into left stand,ready,7,3,20,GEAR_STAND_ROW2_LEFT,23.595428,23.595428,,,,,,,,,,,,,,,1,,,,,,"{""acquired_tool_ids"": [20], ""acquisition_complete"": false, ""completed_steps"": [""r1_bearing_right"", ""r1_gear_rod"", ""r1_bearing_left"", ""r2_gear_rod"", ""r2_bearing_right""], ""head_rotation_deg"": null, ""head_translation_m"": null, ""left_hand_translation_m"": null, ""removed_tool_ids"": [14, 15, 18, 19, 21, 26, 27, 28], ""right_hand_translation_m"": null, ""selected_step"": ""r2_bearing_left"", ""step_attempt"": 7, ""step_elapsed_s"": 23.595476794987917, ""step_event_index"": 3, ""total_hand_translation_m"": null, ""trial_finished_elapsed_s"": null, ""trial_recording"": true, ""trial_required_tool_ids"": [20]}"
2026-09-02T19:32:44.068-04:00,pantea,language,object_acquired,language,r2_bearing_left,Row 2.3: bearing into left stand,ready,7,4,20,GEAR_STAND_ROW2_LEFT,23.595428,23.595428,,,,,,,,,,,,,,,1,,,,,,"{""acquired_tool_ids"": [20], ""acquisition_complete"": false, ""completed_steps"": [""r1_bearing_right"", ""r1_gear_rod"", ""r1_bearing_left"", ""r2_gear_rod"", ""r2_bearing_right""], ""head_rotation_deg"": null, ""head_translation_m"": null, ""left_hand_translation_m"": null, ""removed_tool_ids"": [14, 15, 18, 19, 21, 26, 27, 28], ""right_hand_translation_m"": null, ""selected_step"": ""r2_bearing_left"", ""step_attempt"": 7, ""step_elapsed_s"": 23.6111363429809, ""step_event_index"": 4, ""total_hand_translation_m"": null, ""trial_finished_elapsed_s"": null, ""trial_recording"": true, ""trial_required_tool_ids"": [20]}"
2026-09-02T19:32:44.091-04:00,pantea,language,step_acquisition_complete,language,r2_bearing_left,Row 2.3: bearing into left stand,ready,7,5,,,,23.633612,0.790152,281.238327,0.080626,1.078701,1.159328,0.000000,0.000000,0.000000,0.000000,0,0,0.000000,0.000000,0.000000,,,,,,,"{""acquired_tool_ids"": [20], ""acquisition_complete"": true, ""any_hover_time_s"": 0.0, ""completed_steps"": [""r1_bearing_right"", ""r1_gear_rod"", ""r1_bearing_left"", ""r2_gear_rod"", ""r2_bearing_right""], ""head_rotation_deg"": 281.23832687004426, ""head_translation_m"": 0.7901522273290205, ""hover_time_percent"": 0.0, ""left_hand_translation_m"": 0.0806263836387113, ""left_hover_episodes"": 0, ""left_hover_time_s"": 0.0, ""left_hover_translation_m"": 0.0, ""removed_tool_ids"": [14, 15, 18, 19, 20, 21, 26, 27, 28], ""right_hand_translation_m"": 1.0787012499947877, ""right_hover_episodes"": 0, ""right_hover_time_s"": 0.0, ""right_hover_translation_m"": 0.0, ""selected_step"": ""r2_bearing_left"", ""step_attempt"": 7, ""step_elapsed_s"": 23.63361169199925, ""step_event_index"": 5, ""total_hand_translation_m"": 1.159327633633499, ""total_hover_translation_m"": 0.0, ""trial_finished_elapsed_s"": 23.63361169199925, ""trial_recording"": false, ""trial_required_tool_ids"": [20]}"
2026-09-02T19:32:44.104-04:00,pantea,language,graph_complete,,r2_bearing_left,Row 2.3: bearing into left stand,complete,7,6,,,,,,,,,,,,,,,,,,,,,,,,,"{""acquired_tool_ids"": [20], ""acquisition_complete"": true, ""any_hover_time_s"": 0.0, ""completed_steps"": [""r1_bearing_right"", ""r1_gear_rod"", ""r1_bearing_left"", ""r2_gear_rod"", ""r2_bearing_right"", ""r2_bearing_left""], ""head_rotation_deg"": 281.23832687004426, ""head_translation_m"": 0.7901522273290205, ""hover_time_percent"": 0.0, ""left_hand_translation_m"": 0.0806263836387113, ""left_hover_episodes"": 0, ""left_hover_time_s"": 0.0, ""left_hover_translation_m"": 0.0, ""removed_tool_ids"": [14, 15, 18, 19, 20, 21, 26, 27, 28], ""right_hand_translation_m"": 1.0787012499947877, ""right_hover_episodes"": 0, ""right_hover_time_s"": 0.0, ""right_hover_translation_m"": 0.0, ""selected_step"": ""r2_bearing_left"", ""step_attempt"": 7, ""step_elapsed_s"": 23.63361169199925, ""step_event_index"": 6, ""total_hand_translation_m"": 1.159327633633499, ""total_hover_translation_m"": 0.0, ""trial_finished_elapsed_s"": 23.63361169199925, ""trial_recording"": false, ""trial_required_tool_ids"": [20]}"
2026-09-02T19:33:35.094-04:00,pantea,language,step_started,keyboard,r1_fasten_first_stand,Row 1.4: fasten right stand,ready,8,1,,,,,,,,,,,,,,,,,,,,,,,,,"{""acquired_tool_ids"": [], ""acquisition_complete"": false, ""completed_steps"": [""r1_bearing_right"", ""r1_gear_rod"", ""r1_bearing_left"", ""r2_gear_rod"", ""r2_bearing_right"", ""r2_bearing_left""], ""head_rotation_deg"": null, ""head_translation_m"": null, ""left_hand_translation_m"": null, ""removed_tool_ids"": [14, 15, 18, 19, 20, 21, 26, 27, 28], ""right_hand_translation_m"": null, ""selected_step"": ""r1_fasten_first_stand"", ""step_attempt"": 8, ""step_elapsed_s"": 0.000547778035979718, ""step_event_index"": 1, ""total_hand_translation_m"": null, ""trial_finished_elapsed_s"": null, ""trial_recording"": true, ""trial_required_tool_ids"": [7, 35, 36]}"
2026-09-02T19:33:46.101-04:00,pantea,language,vlm_interaction,language,r1_fasten_first_stand,Row 1.4: fasten right stand,ready,8,2,,,,,,,,,,,,,,,,,,,,can I get the interchangeable tool,BIT_SCREWDRIVER,"{""intent"":""part_reference"",""part_action"":""fetch"",""reference_relation"":""direct"",""step_scope"":"""",""target"":""BIT_SCREWDRIVER"",""candidates"":[],""exclude_labels"":[]}",language_grounded,I identified and highlighted the interchangeable-bit screwdriver.,"{""acquired_tool_ids"": [], ""acquisition_complete"": false, ""completed_steps"": [""r1_bearing_right"", ""r1_gear_rod"", ""r1_bearing_left"", ""r2_gear_rod"", ""r2_bearing_right"", ""r2_bearing_left""], ""head_rotation_deg"": null, ""head_translation_m"": null, ""left_hand_translation_m"": null, ""removed_tool_ids"": [14, 15, 18, 19, 20, 21, 26, 27, 28], ""right_hand_translation_m"": null, ""selected_step"": ""r1_fasten_first_stand"", ""step_attempt"": 8, ""step_elapsed_s"": 11.007410516031086, ""step_event_index"": 2, ""total_hand_translation_m"": null, ""trial_finished_elapsed_s"": null, ""trial_recording"": true, ""trial_required_tool_ids"": [7, 35, 36]}"
2026-09-02T19:33:46.162-04:00,pantea,language,part_selection,language,r1_fasten_first_stand,Row 1.4: fasten right stand,ready,8,3,7,BIT_SCREWDRIVER,11.068588,11.068588,,,,,,,,,,,,,,,1,,,,,,"{""acquired_tool_ids"": [7], ""acquisition_complete"": false, ""completed_steps"": [""r1_bearing_right"", ""r1_gear_rod"", ""r1_bearing_left"", ""r2_gear_rod"", ""r2_bearing_right"", ""r2_bearing_left""], ""head_rotation_deg"": null, ""head_translation_m"": null, ""left_hand_translation_m"": null, ""removed_tool_ids"": [14, 15, 18, 19, 20, 21, 26, 27, 28], ""right_hand_translation_m"": null, ""selected_step"": ""r1_fasten_first_stand"", ""step_attempt"": 8, ""step_elapsed_s"": 11.068635133036878, ""step_event_index"": 3, ""total_hand_translation_m"": null, ""trial_finished_elapsed_s"": null, ""trial_recording"": true, ""trial_required_tool_ids"": [7, 35, 36]}"
2026-09-02T19:33:46.188-04:00,pantea,language,object_acquired,language,r1_fasten_first_stand,Row 1.4: fasten right stand,ready,8,4,7,BIT_SCREWDRIVER,11.068588,11.068588,,,,,,,,,,,,,,,1,,,,,,"{""acquired_tool_ids"": [7], ""acquisition_complete"": false, ""completed_steps"": [""r1_bearing_right"", ""r1_gear_rod"", ""r1_bearing_left"", ""r2_gear_rod"", ""r2_bearing_right"", ""r2_bearing_left""], ""head_rotation_deg"": null, ""head_translation_m"": null, ""left_hand_translation_m"": null, ""removed_tool_ids"": [14, 15, 18, 19, 20, 21, 26, 27, 28], ""right_hand_translation_m"": null, ""selected_step"": ""r1_fasten_first_stand"", ""step_attempt"": 8, ""step_elapsed_s"": 11.094894274021499, ""step_event_index"": 4, ""total_hand_translation_m"": null, ""trial_finished_elapsed_s"": null, ""trial_recording"": true, ""trial_required_tool_ids"": [7, 35, 36]}"
2026-09-02T19:33:57.119-04:00,pantea,language,vlm_interaction,language,r1_fasten_first_stand,Row 1.4: fasten right stand,ready,8,5,,,,,,,,,,,,,,,,,,,,can I get the screw for row1,SCREW_ROW1,"{""intent"":""part_reference"",""part_action"":""fetch"",""reference_relation"":""direct"",""step_scope"":"""",""target"":""SCREW_ROW1_LEFT"",""candidates"":[],""exclude_labels"":[]}",language_grounded,I identified and highlighted the Row 1 mounting screw.,"{""acquired_tool_ids"": [7], ""acquisition_complete"": false, ""completed_steps"": [""r1_bearing_right"", ""r1_gear_rod"", ""r1_bearing_left"", ""r2_gear_rod"", ""r2_bearing_right"", ""r2_bearing_left""], ""head_rotation_deg"": null, ""head_translation_m"": null, ""left_hand_translation_m"": null, ""removed_tool_ids"": [14, 15, 18, 19, 20, 21, 26, 27, 28], ""right_hand_translation_m"": null, ""selected_step"": ""r1_fasten_first_stand"", ""step_attempt"": 8, ""step_elapsed_s"": 22.025370228046086, ""step_event_index"": 5, ""total_hand_translation_m"": null, ""trial_finished_elapsed_s"": null, ""trial_recording"": true, ""trial_required_tool_ids"": [7, 35, 36]}"
2026-09-02T19:33:57.177-04:00,pantea,language,part_selection,language,r1_fasten_first_stand,Row 1.4: fasten right stand,ready,8,6,35,SCREWS,11.014385,22.082973,,,,,,,,,,,,,,,1,,,,,,"{""acquired_tool_ids"": [7, 35], ""acquisition_complete"": false, ""completed_steps"": [""r1_bearing_right"", ""r1_gear_rod"", ""r1_bearing_left"", ""r2_gear_rod"", ""r2_bearing_right"", ""r2_bearing_left""], ""head_rotation_deg"": null, ""head_translation_m"": null, ""left_hand_translation_m"": null, ""removed_tool_ids"": [14, 15, 18, 19, 20, 21, 26, 27, 28], ""right_hand_translation_m"": null, ""selected_step"": ""r1_fasten_first_stand"", ""step_attempt"": 8, ""step_elapsed_s"": 22.083019975048956, ""step_event_index"": 6, ""total_hand_translation_m"": null, ""trial_finished_elapsed_s"": null, ""trial_recording"": true, ""trial_required_tool_ids"": [7, 35, 36]}"
2026-09-02T19:33:57.204-04:00,pantea,language,object_acquired,language,r1_fasten_first_stand,Row 1.4: fasten right stand,ready,8,7,35,SCREWS,11.014385,22.082973,,,,,,,,,,,,,,,1,,,,,,"{""acquired_tool_ids"": [7, 35], ""acquisition_complete"": false, ""completed_steps"": [""r1_bearing_right"", ""r1_gear_rod"", ""r1_bearing_left"", ""r2_gear_rod"", ""r2_bearing_right"", ""r2_bearing_left""], ""head_rotation_deg"": null, ""head_translation_m"": null, ""left_hand_translation_m"": null, ""removed_tool_ids"": [14, 15, 18, 19, 20, 21, 26, 27, 28], ""right_hand_translation_m"": null, ""selected_step"": ""r1_fasten_first_stand"", ""step_attempt"": 8, ""step_elapsed_s"": 22.110789813043084, ""step_event_index"": 7, ""total_hand_translation_m"": null, ""trial_finished_elapsed_s"": null, ""trial_recording"": true, ""trial_required_tool_ids"": [7, 35, 36]}"
2026-09-02T19:34:15.045-04:00,pantea,language,vlm_interaction,language,r1_fasten_first_stand,Row 1.4: fasten right stand,ready,8,8,,,,,,,,,,,,,,,,,,,,can I get the bit holder1,BIT_HOLDER1,"{""intent"":""part_reference"",""part_action"":""fetch"",""reference_relation"":""direct"",""step_scope"":"""",""target"":""BIT_HOLDER1"",""candidates"":[],""exclude_labels"":[]}",language_grounded,"I identified and highlighted the Bit Holder 1, containing the H5 and H3 hex bits.","{""acquired_tool_ids"": [7, 35], ""acquisition_complete"": false, ""completed_steps"": [""r1_bearing_right"", ""r1_gear_rod"", ""r1_bearing_left"", ""r2_gear_rod"", ""r2_bearing_right"", ""r2_bearing_left""], ""head_rotation_deg"": null, ""head_translation_m"": null, ""left_hand_translation_m"": null, ""removed_tool_ids"": [14, 15, 18, 19, 20, 21, 26, 27, 28], ""right_hand_translation_m"": null, ""selected_step"": ""r1_fasten_first_stand"", ""step_attempt"": 8, ""step_elapsed_s"": 39.95105760503793, ""step_event_index"": 8, ""total_hand_translation_m"": null, ""trial_finished_elapsed_s"": null, ""trial_recording"": true, ""trial_required_tool_ids"": [7, 35, 36]}"
2026-09-02T19:34:15.084-04:00,pantea,language,part_selection,language,r1_fasten_first_stand,Row 1.4: fasten right stand,ready,8,9,36,BITHOLDER1,17.906961,39.989934,,,,,,,,,,,,,,,1,,,,,,"{""acquired_tool_ids"": [7, 35, 36], ""acquisition_complete"": false, ""completed_steps"": [""r1_bearing_right"", ""r1_gear_rod"", ""r1_bearing_left"", ""r2_gear_rod"", ""r2_bearing_right"", ""r2_bearing_left""], ""head_rotation_deg"": null, ""head_translation_m"": null, ""left_hand_translation_m"": null, ""removed_tool_ids"": [14, 15, 18, 19, 20, 21, 26, 27, 28], ""right_hand_translation_m"": null, ""selected_step"": ""r1_fasten_first_stand"", ""step_attempt"": 8, ""step_elapsed_s"": 39.98999056703178, ""step_event_index"": 9, ""total_hand_translation_m"": null, ""trial_finished_elapsed_s"": null, ""trial_recording"": true, ""trial_required_tool_ids"": [7, 35, 36]}"
2026-09-02T19:34:15.116-04:00,pantea,language,object_acquired,language,r1_fasten_first_stand,Row 1.4: fasten right stand,ready,8,10,36,BITHOLDER1,17.906961,39.989934,,,,,,,,,,,,,,,1,,,,,,"{""acquired_tool_ids"": [7, 35, 36], ""acquisition_complete"": false, ""completed_steps"": [""r1_bearing_right"", ""r1_gear_rod"", ""r1_bearing_left"", ""r2_gear_rod"", ""r2_bearing_right"", ""r2_bearing_left""], ""head_rotation_deg"": null, ""head_translation_m"": null, ""left_hand_translation_m"": null, ""removed_tool_ids"": [14, 15, 18, 19, 20, 21, 26, 27, 28], ""right_hand_translation_m"": null, ""selected_step"": ""r1_fasten_first_stand"", ""step_attempt"": 8, ""step_elapsed_s"": 40.02210711000953, ""step_event_index"": 10, ""total_hand_translation_m"": null, ""trial_finished_elapsed_s"": null, ""trial_recording"": true, ""trial_required_tool_ids"": [7, 35, 36]}"
2026-09-02T19:34:15.138-04:00,pantea,language,step_acquisition_complete,language,r1_fasten_first_stand,Row 1.4: fasten right stand,ready,8,11,,,,40.040488,0.174995,86.633811,0.020099,0.269624,0.289723,0.000000,0.000000,0.000000,0.000000,0,0,0.000000,0.000000,0.000000,,,,,,,"{""acquired_tool_ids"": [7, 35, 36], ""acquisition_complete"": true, ""any_hover_time_s"": 0.0, ""completed_steps"": [""r1_bearing_right"", ""r1_gear_rod"", ""r1_bearing_left"", ""r2_gear_rod"", ""r2_bearing_right"", ""r2_bearing_left""], ""head_rotation_deg"": 86.63381148987798, ""head_translation_m"": 0.17499522108106427, ""hover_time_percent"": 0.0, ""left_hand_translation_m"": 0.020098997729422228, ""left_hover_episodes"": 0, ""left_hover_time_s"": 0.0, ""left_hover_translation_m"": 0.0, ""removed_tool_ids"": [14, 15, 18, 19, 20, 21, 26, 27, 28], ""right_hand_translation_m"": 0.26962361366213305, ""right_hover_episodes"": 0, ""right_hover_time_s"": 0.0, ""right_hover_translation_m"": 0.0, ""selected_step"": ""r1_fasten_first_stand"", ""step_attempt"": 8, ""step_elapsed_s"": 40.0404882520088, ""step_event_index"": 11, ""total_hand_translation_m"": 0.2897226113915553, ""total_hover_translation_m"": 0.0, ""trial_finished_elapsed_s"": 40.0404882520088, ""trial_recording"": false, ""trial_required_tool_ids"": [7, 35, 36]}"
2026-09-02T19:34:15.165-04:00,pantea,language,graph_complete,,r1_fasten_first_stand,Row 1.4: fasten right stand,complete,8,12,,,,,,,,,,,,,,,,,,,,,,,,,"{""acquired_tool_ids"": [7, 35, 36], ""acquisition_complete"": true, ""any_hover_time_s"": 0.0, ""completed_steps"": [""r1_bearing_right"", ""r1_gear_rod"", ""r1_bearing_left"", ""r2_gear_rod"", ""r2_bearing_right"", ""r2_bearing_left"", ""r1_fasten_first_stand"", ""r1_insert_rod_and_fit_second"", ""r1_fasten_second_stand""], ""head_rotation_deg"": 86.63381148987798, ""head_translation_m"": 0.17499522108106427, ""hover_time_percent"": 0.0, ""left_hand_translation_m"": 0.020098997729422228, ""left_hover_episodes"": 0, ""left_hover_time_s"": 0.0, ""left_hover_translation_m"": 0.0, ""removed_tool_ids"": [14, 15, 18, 19, 20, 21, 26, 27, 28], ""right_hand_translation_m"": 0.26962361366213305, ""right_hover_episodes"": 0, ""right_hover_time_s"": 0.0, ""right_hover_translation_m"": 0.0, ""selected_step"": ""r1_fasten_first_stand"", ""step_attempt"": 8, ""step_elapsed_s"": 40.0404882520088, ""step_event_index"": 12, ""total_hand_translation_m"": 0.2897226113915553, ""total_hover_translation_m"": 0.0, ""trial_finished_elapsed_s"": 40.0404882520088, ""trial_recording"": false, ""trial_required_tool_ids"": [7, 35, 36]}"
